customer_id,canonical_name,canonical_email,canonical_phone,record_count,resolution_tier,linked_source_records
CUST-00001,Joshua Walker,ndavis@hotmail.com,,3,tier2,POS-00002:tier2:conf=1.00:via=POS-00003;POS-00003:tier2:conf=1.00:via=POS-00002;ECOM-00001:tier2:conf=1.00:via=POS-00002
CUST-00002,Anthony Gonzalez,lauren10@gmail.com,,2,tier1,POS-00009:tier1:conf=1.00:via=ECOM-00002;ECOM-00002:tier1:conf=1.00:via=POS-00009
CUST-00003,Lisa Smith,hayesjeffrey@hotmail.com,,1,single_record,ECOM-00003:anchor
CUST-00004,Linda Wolfe,acostaregina@hotmail.com,,1,single_record,ECOM-00004:anchor
CUST-00005,Matthew Moore,stephen00@yahoo.com,,1,single_record,ECOM-00005:anchor
CUST-00006,Melanie Munoz,fjones@yahoo.com,,1,single_record,ECOM-00006:anchor
CUST-00007,Amanda Dudley,oscar98@yahoo.com,(859) 536-3093,2,tier1,POS-00017:tier1:conf=1.00:via=ECOM-00007;ECOM-00007:tier1:conf=1.00:via=POS-00017
CUST-00008,Janet Williams,maria66@hotmail.com,,1,single_record,ECOM-00008:anchor
CUST-00009,Jeremy Roberts,edwardslarry@yahoo.com,(385) 419-6598,2,tier1,POS-00021:tier1:conf=1.00:via=ECOM-00009;ECOM-00009:tier1:conf=1.00:via=POS-00021
CUST-00010,Christopher Hall,,(341) 358-2264,2,tier2,POS-00022:tier2:conf=1.00:via=ECOM-00010;ECOM-00010:tier2:conf=1.00:via=POS-00022
CUST-00011,Craig Ramirez,daviscolin@hotmail.com,,2,tier1,POS-00023:tier1:conf=1.00:via=ECOM-00011;ECOM-00011:tier1:conf=1.00:via=POS-00023
CUST-00012,Mitchell Clark,elizabeth65@hotmail.com,,1,single_record,ECOM-00012:anchor
CUST-00013,Leslie Adams,davisalyssa@yahoo.com,(584) 429-1461,2,tier2,POS-00037:tier2:conf=1.00:via=ECOM-00013;ECOM-00013:tier2:conf=1.00:via=POS-00037
CUST-00014,Nancy Edwards,moorekaren@gmail.com,,1,single_record,ECOM-00014:anchor
CUST-00015,Anna Baker,reeddaniel@hotmail.com,,3,tier2,POS-00043:tier1:conf=1.00:via=ECOM-00015;POS-00044:tier2:conf=1.00:via=POS-00043;ECOM-00015:tier1:conf=1.00:via=POS-00043
CUST-00016,Chris Williams,ythompson@hotmail.com,,1,single_record,ECOM-00016:anchor
CUST-00017,Bryan James,tberry@hotmail.com,(245) 850-7338,3,tier2,POS-00052:tier1:conf=1.00:via=ECOM-00017;POS-00053:tier2:conf=1.00:via=POS-00052;ECOM-00017:tier1:conf=1.00:via=POS-00052
CUST-00018,Joseph Davidson,zwarren@yahoo.com,,1,single_record,ECOM-00018:anchor
CUST-00019,Daniel Graham,jeffrey21@hotmail.com,,2,tier1,POS-00058:tier1:conf=1.00:via=ECOM-00019;ECOM-00019:tier1:conf=1.00:via=POS-00058
CUST-00020,Vincent White,jessica23@gmail.com,(757) 684-5150,2,tier1,POS-00061:tier1:conf=1.00:via=ECOM-00020;ECOM-00020:tier1:conf=1.00:via=POS-00061
CUST-00021,Chelsea Hernandez,wwebster@hotmail.com,(648) 609-8204,2,tier1,POS-00065:tier1:conf=1.00:via=ECOM-00021;ECOM-00021:tier1:conf=1.00:via=POS-00065
CUST-00022,Kimberly Moreno,kmaldonado@hotmail.com,(732) 473-2353,2,tier2,POS-00067:tier2:conf=1.00:via=ECOM-00022;ECOM-00022:tier2:conf=1.00:via=POS-00067
CUST-00023,Natalie Arroyo,xjohnson@yahoo.com,,2,tier2,POS-00072:tier2:conf=1.00:via=ECOM-00023;ECOM-00023:tier2:conf=1.00:via=POS-00072
CUST-00024,Chad Hodges,marcalvarez@gmail.com,,1,single_record,ECOM-00024:anchor
CUST-00025,Katie Anderson,hayeslisa@yahoo.com,,1,single_record,ECOM-00025:anchor
CUST-00026,Joseph Brennan,hritter@hotmail.com,,1,single_record,ECOM-00026:anchor
CUST-00027,Rodney Lewis,,(861) 575-6933,2,tier2,POS-00076:tier2:conf=1.00:via=ECOM-00027;ECOM-00027:tier2:conf=1.00:via=POS-00076
CUST-00028,Amber Blair,rschroeder@hotmail.com,,2,tier1,POS-00077:tier1:conf=1.00:via=ECOM-00028;ECOM-00028:tier1:conf=1.00:via=POS-00077
CUST-00029,James Collins,mccormickdeborah@gmail.com,,1,single_record,ECOM-00029:anchor
CUST-00030,Wanda Santos,cody64@yahoo.com,,1,single_record,ECOM-00030:anchor
CUST-00031,David Walker,collinsnicholas@yahoo.com,(456) 316-1424,2,tier1,POS-00080:tier1:conf=1.00:via=ECOM-00031;ECOM-00031:tier1:conf=1.00:via=POS-00080
CUST-00032,Michele Jones,ericphillips@gmail.com,,1,single_record,ECOM-00032:anchor
CUST-00033,Jason Anderson,carlamoore@gmail.com,(362) 928-3852,2,tier1,POS-00088:tier1:conf=1.00:via=ECOM-00033;ECOM-00033:tier1:conf=1.00:via=POS-00088
CUST-00034,Selena Duncan,jenniferwilliams@yahoo.com,,1,single_record,ECOM-00034:anchor
CUST-00035,Thomas Mueller,tarabishop@hotmail.com,,2,tier1,POS-00089:tier1:conf=1.00:via=ECOM-00035;ECOM-00035:tier1:conf=1.00:via=POS-00089
CUST-00036,Collin Jordan,mmckee@yahoo.com,,1,single_record,ECOM-00036:anchor
CUST-00037,Scott Callahan,brooksanthony@gmail.com,,1,single_record,ECOM-00037:anchor
CUST-00038,Andrea Williams,ihorton@hotmail.com,,1,single_record,ECOM-00038:anchor
CUST-00039,Melinda Martin,srodriguez@gmail.com,,2,tier1,POS-00105:tier1:conf=1.00:via=ECOM-00039;ECOM-00039:tier1:conf=1.00:via=POS-00105
CUST-00040,Richard Brown,david36@hotmail.com,,2,tier1,POS-00107:tier1:conf=1.00:via=ECOM-00040;ECOM-00040:tier1:conf=1.00:via=POS-00107
CUST-00041,Joseph Bowers,chenbailey@hotmail.com,,3,tier2,POS-00109:tier1:conf=1.00:via=ECOM-00041;POS-00110:tier2:conf=1.00:via=POS-00109;ECOM-00041:tier1:conf=1.00:via=POS-00109
CUST-00042,Susan Cowan,millsmichael@hotmail.com,(616) 504-8430,2,tier2,POS-00112:tier2:conf=0.94:via=ECOM-00042;ECOM-00042:tier2:conf=0.94:via=POS-00112
CUST-00043,Eric Phillips,,(822) 347-6121,2,tier2,POS-00114:tier2:conf=1.00:via=ECOM-00043;ECOM-00043:tier2:conf=1.00:via=POS-00114
CUST-00044,Amy Adkins,,(252) 497-7293,2,tier2,POS-00118:tier2:conf=1.00:via=ECOM-00044;ECOM-00044:tier2:conf=1.00:via=POS-00118
CUST-00045,Eric Yu,james30@yahoo.com,,1,single_record,ECOM-00045:anchor
CUST-00046,Christopher Lopez,zachary87@yahoo.com,,1,single_record,ECOM-00046:anchor
CUST-00047,Brooke Leonard,mullinsjames@yahoo.com,,1,single_record,ECOM-00047:anchor
CUST-00048,James Moran,amymorris@gmail.com,,1,single_record,ECOM-00048:anchor
CUST-00049,Leslie Walton,wwilliams@hotmail.com,,1,single_record,ECOM-00049:anchor
CUST-00050,Charles Ellis,yhill@gmail.com,,2,tier1,POS-00130:tier1:conf=1.00:via=ECOM-00050;ECOM-00050:tier1:conf=1.00:via=POS-00130
CUST-00051,Joseph Mahoney,ejohnson@gmail.com,,2,tier1,POS-00134:tier1:conf=1.00:via=ECOM-00051;ECOM-00051:tier1:conf=1.00:via=POS-00134
CUST-00052,Nicole Suarez,michael90@hotmail.com,(686) 731-8487,2,tier2,POS-00135:tier2:conf=1.00:via=ECOM-00052;ECOM-00052:tier2:conf=1.00:via=POS-00135
CUST-00053,Cheryl Archer,fitzgeraldvictor@yahoo.com,,1,single_record,ECOM-00053:anchor
CUST-00054,Dennis Wilson,rachelwallace@gmail.com,(890) 312-7824,2,tier1,POS-00141:tier1:conf=1.00:via=ECOM-00054;ECOM-00054:tier1:conf=1.00:via=POS-00141
CUST-00055,Daniel Tran,elizabeth18@hotmail.com,(943) 904-1436,2,tier2,POS-00142:tier2:conf=0.94:via=ECOM-00055;ECOM-00055:tier2:conf=0.94:via=POS-00142
CUST-00056,Joseph Jacobs,davidharris@gmail.com,,1,single_record,ECOM-00056:anchor
CUST-00057,Cynthia Baker,tanner82@hotmail.com,,1,single_record,ECOM-00057:anchor
CUST-00058,Dana Green,howens@yahoo.com,,1,single_record,ECOM-00058:anchor
CUST-00059,Joyce Arnold,nataliedeleon@hotmail.com,(908) 408-7723,2,tier1,POS-00148:tier1:conf=1.00:via=ECOM-00059;ECOM-00059:tier1:conf=1.00:via=POS-00148
CUST-00060,Charles Ware,guerraapril@yahoo.com,,1,single_record,ECOM-00060:anchor
CUST-00061,Earl Anderson,brittanycarpenter@gmail.com,,1,single_record,ECOM-00061:anchor
CUST-00062,Kyle Nolan,,(506) 430-5876,2,tier2,POS-00154:tier2:conf=1.00:via=ECOM-00062;ECOM-00062:tier2:conf=1.00:via=POS-00154
CUST-00063,Laura Valencia,,(922) 700-6194,2,tier2,POS-00155:tier2:conf=1.00:via=ECOM-00063;ECOM-00063:tier2:conf=1.00:via=POS-00155
CUST-00064,Rachel Clark,debra96@hotmail.com,,1,single_record,ECOM-00064:anchor
CUST-00065,John Garcia,jimenezcourtney@yahoo.com,(939) 480-5715,2,tier2,POS-00156:tier2:conf=1.00:via=ECOM-00065;ECOM-00065:tier2:conf=1.00:via=POS-00156
CUST-00066,Richard Oliver,vmarshall@hotmail.com,,1,single_record,ECOM-00066:anchor
CUST-00067,Angel Doyle,,(959) 800-4920,2,tier2,POS-00161:tier2:conf=1.00:via=ECOM-00067;ECOM-00067:tier2:conf=1.00:via=POS-00161
CUST-00068,Martin Galvan,floressteven@yahoo.com,,2,tier1,POS-00162:tier1:conf=1.00:via=ECOM-00068;ECOM-00068:tier1:conf=1.00:via=POS-00162
CUST-00069,Leah Shields,gwright@gmail.com,(341) 205-3587,3,tier2,POS-00163:tier1:conf=1.00:via=POS-00164;POS-00164:tier1:conf=1.00:via=POS-00163;ECOM-00069:tier2:conf=1.00:via=POS-00164
CUST-00070,Lisa Adams,lisapeck@hotmail.com,,2,tier1,POS-00165:tier1:conf=1.00:via=ECOM-00070;ECOM-00070:tier1:conf=1.00:via=POS-00165
CUST-00071,Jeffrey Velasquez,tjimenez@yahoo.com,,2,tier1,POS-00168:tier1:conf=1.00:via=ECOM-00071;ECOM-00071:tier1:conf=1.00:via=POS-00168
CUST-00072,Steven Torres,jasongomez@gmail.com,(607) 707-4052,2,tier2,POS-00170:tier2:conf=1.00:via=ECOM-00072;ECOM-00072:tier2:conf=1.00:via=POS-00170
CUST-00073,Mark Lin,booneryan@yahoo.com,,1,single_record,ECOM-00073:anchor
CUST-00074,Sheila Wilson,hudsonjames@hotmail.com,,1,single_record,ECOM-00074:anchor
CUST-00075,Sydney Baker,theresalong@yahoo.com,,2,tier1,POS-00179:tier1:conf=1.00:via=ECOM-00075;ECOM-00075:tier1:conf=1.00:via=POS-00179
CUST-00076,Daniel Hamilton,kari39@hotmail.com,,1,single_record,ECOM-00076:anchor
CUST-00077,Jonathan Fletcher,sarah52@yahoo.com,,1,single_record,ECOM-00077:anchor
CUST-00078,Aaron Frost,brittney88@hotmail.com,,1,single_record,ECOM-00078:anchor
CUST-00079,Michael Jones,richardsonemily@yahoo.com,,1,single_record,ECOM-00079:anchor
CUST-00080,Jennifer Evans,tammy99@gmail.com,,2,tier1,POS-00187:tier1:conf=1.00:via=ECOM-00080;ECOM-00080:tier1:conf=1.00:via=POS-00187
CUST-00081,Kyle Ortiz,rhernandez@gmail.com,,1,single_record,ECOM-00081:anchor
CUST-00082,Richard Phillips,armstrongjackie@gmail.com,(976) 750-4578,2,tier1,POS-00189:tier1:conf=1.00:via=ECOM-00082;ECOM-00082:tier1:conf=1.00:via=POS-00189
CUST-00083,David Fisher,alexanderrobert@yahoo.com,,1,single_record,ECOM-00083:anchor
CUST-00084,Diana Marshall,sue78@yahoo.com,,1,single_record,ECOM-00084:anchor
CUST-00085,Laura Jackson,hannahburns@yahoo.com,(606) 460-1049,2,tier2,POS-00198:tier2:conf=1.00:via=ECOM-00085;ECOM-00085:tier2:conf=1.00:via=POS-00198
CUST-00086,Christopher Robertson,zhuang@yahoo.com,,1,single_record,ECOM-00086:anchor
CUST-00087,Loretta Potter,kellyroberts@hotmail.com,,1,single_record,ECOM-00087:anchor
CUST-00088,Robert Soto,xgarcia@gmail.com,(506) 674-9920,3,tier2,POS-00206:tier1:conf=1.00:via=ECOM-00088;POS-00207:tier2:conf=1.00:via=POS-00206;ECOM-00088:tier1:conf=1.00:via=POS-00206
CUST-00089,James Horton,oconnelltiffany@gmail.com,(436) 453-8546,2,tier1,POS-00208:tier1:conf=1.00:via=ECOM-00089;ECOM-00089:tier1:conf=1.00:via=POS-00208
CUST-00090,Troy Sanchez,edelgado@yahoo.com,,1,single_record,ECOM-00090:anchor
CUST-00091,Diana Smith,,(943) 983-2848,2,tier2,POS-00209:tier2:conf=1.00:via=ECOM-00091;ECOM-00091:tier2:conf=1.00:via=POS-00209
CUST-00092,Karen Carrillo,velezchristopher@hotmail.com,,1,single_record,ECOM-00092:anchor
CUST-00093,Daniel Coleman,amandasharp@gmail.com,(830) 984-1256,2,tier1,POS-00210:tier1:conf=1.00:via=ECOM-00093;ECOM-00093:tier1:conf=1.00:via=POS-00210
CUST-00094,April Williams,robertmonroe@gmail.com,,1,single_record,ECOM-00094:anchor
CUST-00095,John Charles,lfrench@hotmail.com,,1,single_record,ECOM-00095:anchor
CUST-00096,Caitlin Dodson,ismall@hotmail.com,,1,single_record,ECOM-00096:anchor
CUST-00097,Jennifer Wagner,,(950) 789-6224,3,tier2,POS-00215:tier2:conf=0.94:via=POS-00216;POS-00216:tier2:conf=1.00:via=ECOM-00097;ECOM-00097:tier2:conf=1.00:via=POS-00216
CUST-00098,Phyllis Manning,gregorychase@yahoo.com,,1,single_record,ECOM-00098:anchor
CUST-00099,John Walsh,lopezdonald@yahoo.com,(249) 552-7244,2,tier1,POS-00219:tier1:conf=1.00:via=ECOM-00099;ECOM-00099:tier1:conf=1.00:via=POS-00219
CUST-00100,Courtney Hill,adamreyes@yahoo.com,,1,single_record,ECOM-00100:anchor
CUST-00101,Chris Mitchell,stephanie49@hotmail.com,,1,single_record,ECOM-00101:anchor
CUST-00102,Joseph Flores,greenmichael@gmail.com,,1,single_record,ECOM-00102:anchor
CUST-00103,Jesse Benson,tparks@yahoo.com,,1,single_record,ECOM-00103:anchor
CUST-00104,Rick Daniels,fowlershelia@yahoo.com,(627) 770-9683,2,tier1,POS-00223:tier1:conf=1.00:via=ECOM-00104;ECOM-00104:tier1:conf=1.00:via=POS-00223
CUST-00105,Robert Stein,jeffreyanderson@gmail.com,,1,single_record,ECOM-00105:anchor
CUST-00106,Omar Smith,kathleenbecker@hotmail.com,,1,single_record,ECOM-00106:anchor
CUST-00107,Matthew Shelton,hansenemily@yahoo.com,,1,single_record,ECOM-00107:anchor
CUST-00108,Phillip Elliott,weaverbrian@gmail.com,,1,single_record,ECOM-00108:anchor
CUST-00109,Anthony Day,ajohnson@gmail.com,,1,single_record,ECOM-00109:anchor
CUST-00110,Derek Murray,katiegood@hotmail.com,,1,single_record,ECOM-00110:anchor
CUST-00111,Brent Gray,ybrooks@yahoo.com,,1,single_record,ECOM-00111:anchor
CUST-00112,Kathleen Gray,desireebailey@gmail.com,,1,single_record,ECOM-00112:anchor
CUST-00113,Karen Decker,urice@gmail.com,,1,single_record,ECOM-00113:anchor
CUST-00114,Debra Harrington,opatel@gmail.com,,2,tier1,POS-00243:tier1:conf=1.00:via=ECOM-00114;ECOM-00114:tier1:conf=1.00:via=POS-00243
CUST-00115,David Caldwell,allencarlos@hotmail.com,,1,single_record,ECOM-00115:anchor
CUST-00116,Anne Robinson,griffinemily@gmail.com,,1,single_record,ECOM-00116:anchor
CUST-00117,Holly Wang,joymorales@gmail.com,(876) 699-1257,2,tier1,POS-00247:tier1:conf=1.00:via=ECOM-00117;ECOM-00117:tier1:conf=1.00:via=POS-00247
CUST-00118,Gary Lawson,karenparsons@gmail.com,(213) 217-9673,2,tier1,POS-00248:tier1:conf=1.00:via=ECOM-00118;ECOM-00118:tier1:conf=1.00:via=POS-00248
CUST-00119,Daniel Johnson,joel28@gmail.com,(384) 309-2578,2,tier2,POS-00251:tier2:conf=0.94:via=ECOM-00119;ECOM-00119:tier2:conf=0.94:via=POS-00251
CUST-00120,Susie Sanders,ufloyd@hotmail.com,,2,tier2,POS-00253:tier2:conf=0.94:via=ECOM-00120;ECOM-00120:tier2:conf=0.94:via=POS-00253
CUST-00121,David Riggs,nielsenmelanie@gmail.com,,1,single_record,ECOM-00121:anchor
CUST-00122,Kimberly Reed,,(277) 900-5593,2,tier2,POS-00261:tier2:conf=1.00:via=ECOM-00122;ECOM-00122:tier2:conf=1.00:via=POS-00261
CUST-00123,Melissa Short,burgesskaren@gmail.com,,2,tier1,POS-00265:tier1:conf=1.00:via=ECOM-00123;ECOM-00123:tier1:conf=1.00:via=POS-00265
CUST-00124,Daniel Yu,randyallen@yahoo.com,(894) 753-6435,2,tier2,POS-00266:tier2:conf=1.00:via=ECOM-00124;ECOM-00124:tier2:conf=1.00:via=POS-00266
CUST-00125,Cynthia Poole,ugill@gmail.com,,1,single_record,ECOM-00125:anchor
CUST-00126,Jasmine Graham,lawrence09@gmail.com,(255) 300-8161,2,tier1,POS-00268:tier1:conf=1.00:via=ECOM-00126;ECOM-00126:tier1:conf=1.00:via=POS-00268
CUST-00127,Jessica Sheppard,mphillips@yahoo.com,,3,tier1,POS-00269:tier1:conf=1.00:via=ECOM-00127;POS-00270:tier1:conf=1.00:via=POS-00269;ECOM-00127:tier1:conf=1.00:via=POS-00269
CUST-00128,Amanda Webb,noahwhitaker@yahoo.com,,1,single_record,ECOM-00128:anchor
CUST-00129,Steven Bishop,iwhite@hotmail.com,,1,single_record,ECOM-00129:anchor
CUST-00130,Jason Salinas,duranrobert@hotmail.com,,1,single_record,ECOM-00130:anchor
CUST-00131,Matthew Beard,carloshernandez@gmail.com,(771) 768-9395,2,tier1,POS-00279:tier1:conf=1.00:via=ECOM-00131;ECOM-00131:tier1:conf=1.00:via=POS-00279
CUST-00132,Hannah Brewer,amanda40@hotmail.com,,2,tier1,POS-00284:tier1:conf=1.00:via=ECOM-00132;ECOM-00132:tier1:conf=1.00:via=POS-00284
CUST-00133,Travis Mcguire,ldrake@gmail.com,,2,tier1,POS-00285:tier1:conf=1.00:via=ECOM-00133;ECOM-00133:tier1:conf=1.00:via=POS-00285
CUST-00134,Alyssa Coleman,lisa46@gmail.com,(708) 808-4203,2,tier2,POS-00289:tier2:conf=1.00:via=ECOM-00134;ECOM-00134:tier2:conf=1.00:via=POS-00289
CUST-00135,John Martinez,,(912) 405-8848,2,tier2,POS-00293:tier2:conf=1.00:via=ECOM-00135;ECOM-00135:tier2:conf=1.00:via=POS-00293
CUST-00136,Jacob Robinson,jasonparrish@hotmail.com,(574) 316-4273,3,tier2,POS-00296:tier1:conf=1.00:via=ECOM-00136;POS-00297:tier2:conf=1.00:via=POS-00296;ECOM-00136:tier1:conf=1.00:via=POS-00296
CUST-00137,Todd Hardy,enelson@hotmail.com,,1,single_record,ECOM-00137:anchor
CUST-00138,Tiffany Warren,rachel90@gmail.com,,2,tier1,POS-00298:tier1:conf=1.00:via=ECOM-00138;ECOM-00138:tier1:conf=1.00:via=POS-00298
CUST-00139,Justin Garcia,alexis39@gmail.com,(910) 270-7703,3,tier2,POS-00299:tier1:conf=1.00:via=ECOM-00139;POS-00300:tier2:conf=1.00:via=POS-00299;ECOM-00139:tier1:conf=1.00:via=POS-00299
CUST-00140,Miranda Henry,anthony47@yahoo.com,,1,single_record,ECOM-00140:anchor
CUST-00141,Taylor Alexander,michaelpugh@yahoo.com,,1,single_record,ECOM-00141:anchor
CUST-00142,Lynn Morales,eringuerrero@gmail.com,,1,single_record,ECOM-00142:anchor
CUST-00143,Charles Soto,lauren11@yahoo.com,,1,single_record,ECOM-00143:anchor
CUST-00144,Brian Hernandez,normanbowers@gmail.com,,1,single_record,ECOM-00144:anchor
CUST-00145,Anna Torres,gstewart@gmail.com,,2,tier1,POS-00310:tier1:conf=1.00:via=ECOM-00145;ECOM-00145:tier1:conf=1.00:via=POS-00310
CUST-00146,Victoria Wilson,hahnsean@yahoo.com,,1,single_record,ECOM-00146:anchor
CUST-00147,Kathy Obrien,andersonjacob@yahoo.com,,1,single_record,ECOM-00147:anchor
CUST-00148,Scott Dalton,carterpaul@gmail.com,,1,single_record,ECOM-00148:anchor
CUST-00149,Jared Clark,bryanhamilton@yahoo.com,,1,single_record,ECOM-00149:anchor
CUST-00150,Brittney Carter,stephentaylor@gmail.com,,2,tier1,POS-00320:tier1:conf=1.00:via=ECOM-00150;ECOM-00150:tier1:conf=1.00:via=POS-00320
CUST-00151,Jesse Mann,ncook@yahoo.com,,1,single_record,ECOM-00151:anchor
CUST-00152,Jacqueline Gibson,scott69@gmail.com,,1,single_record,ECOM-00152:anchor
CUST-00153,Grace Bradshaw,malik37@yahoo.com,,1,single_record,ECOM-00153:anchor
CUST-00154,Keith Martinez,samuelcarter@hotmail.com,(812) 597-7431,2,tier1,POS-00329:tier1:conf=1.00:via=ECOM-00154;ECOM-00154:tier1:conf=1.00:via=POS-00329
CUST-00155,Haley Lyons,fuenteslaura@yahoo.com,,1,single_record,ECOM-00155:anchor
CUST-00156,Troy Miller,donna66@gmail.com,,2,tier1,POS-00331:tier1:conf=1.00:via=ECOM-00156;ECOM-00156:tier1:conf=1.00:via=POS-00331
CUST-00157,Marcus Wright,gibbsmichael@hotmail.com,,2,tier2,POS-00335:tier2:conf=1.00:via=ECOM-00157;ECOM-00157:tier2:conf=1.00:via=POS-00335
CUST-00158,Mary Johnston,vrasmussen@yahoo.com,(861) 377-3733,2,tier2,POS-00337:tier2:conf=1.00:via=ECOM-00158;ECOM-00158:tier2:conf=1.00:via=POS-00337
CUST-00159,Stephanie Key,seanmyers@hotmail.com,,1,single_record,ECOM-00159:anchor
CUST-00160,Billy Avila,robert11@hotmail.com,,1,single_record,ECOM-00160:anchor
CUST-00161,Thomas Pearson,michaelcooper@gmail.com,,1,single_record,ECOM-00161:anchor
CUST-00162,Travis Davis,johnsonmatthew@gmail.com,(928) 654-9006,2,tier1,POS-00342:tier1:conf=1.00:via=ECOM-00162;ECOM-00162:tier1:conf=1.00:via=POS-00342
CUST-00163,Mark Steele,zhall@hotmail.com,(373) 999-8492,2,tier1,POS-00345:tier1:conf=1.00:via=ECOM-00163;ECOM-00163:tier1:conf=1.00:via=POS-00345
CUST-00164,Keith Landry,jacobsandoval@yahoo.com,(763) 723-2854,2,tier1,POS-00346:tier1:conf=1.00:via=ECOM-00164;ECOM-00164:tier1:conf=1.00:via=POS-00346
CUST-00165,Lisa Pierce,mclaughlinnicole@yahoo.com,,1,single_record,ECOM-00165:anchor
CUST-00166,Shawn Edwards,tprice@gmail.com,(760) 423-7965,2,tier1,POS-00348:tier1:conf=1.00:via=ECOM-00166;ECOM-00166:tier1:conf=1.00:via=POS-00348
CUST-00167,Marcus Cordova,joshuapadilla@gmail.com,,2,tier1,POS-00349:tier1:conf=1.00:via=ECOM-00167;ECOM-00167:tier1:conf=1.00:via=POS-00349
CUST-00168,Kathleen Harris,michael79@gmail.com,,1,single_record,ECOM-00168:anchor
CUST-00169,Chelsea Allen,nathanielthomas@yahoo.com,,2,tier1,POS-00359:tier1:conf=1.00:via=ECOM-00169;ECOM-00169:tier1:conf=1.00:via=POS-00359
CUST-00170,Eric Pierce,kcarlson@yahoo.com,,1,single_record,ECOM-00170:anchor
CUST-00171,Andrea Davis,olopez@hotmail.com,,2,tier1,POS-00360:tier1:conf=1.00:via=ECOM-00171;ECOM-00171:tier1:conf=1.00:via=POS-00360
CUST-00172,Victoria Durham,angelaburns@gmail.com,(454) 979-7434,2,tier1,POS-00361:tier1:conf=1.00:via=ECOM-00172;ECOM-00172:tier1:conf=1.00:via=POS-00361
CUST-00173,Steven Wilson,leonardhayes@gmail.com,,1,single_record,ECOM-00173:anchor
CUST-00174,Jennifer Hicks,gmaynard@hotmail.com,,1,single_record,ECOM-00174:anchor
CUST-00175,Tina Sanchez,fburns@hotmail.com,,1,single_record,ECOM-00175:anchor
CUST-00176,Andrea Reyes,flynnjeffrey@gmail.com,,1,single_record,ECOM-00176:anchor
CUST-00177,Sandra Romero,jeffrey42@yahoo.com,,1,single_record,ECOM-00177:anchor
CUST-00178,Robert Villa,adamsamy@yahoo.com,,1,single_record,ECOM-00178:anchor
CUST-00179,William Hoover,,(951) 295-8511,2,tier2,POS-00366:tier2:conf=1.00:via=ECOM-00179;ECOM-00179:tier2:conf=1.00:via=POS-00366
CUST-00180,Brenda Duarte,nancy07@yahoo.com,(417) 706-5399,2,tier1,POS-00368:tier1:conf=1.00:via=ECOM-00180;ECOM-00180:tier1:conf=1.00:via=POS-00368
CUST-00181,Tracy Hernandez,michelle17@gmail.com,,2,tier2,POS-00369:tier2:conf=1.00:via=ECOM-00181;ECOM-00181:tier2:conf=1.00:via=POS-00369
CUST-00182,Amanda Reed,jasonrojas@hotmail.com,,1,single_record,ECOM-00182:anchor
CUST-00183,Stanley Morris,kristenli@gmail.com,,2,tier1,POS-00371:tier1:conf=1.00:via=ECOM-00183;ECOM-00183:tier1:conf=1.00:via=POS-00371
CUST-00184,Elizabeth Hoover,rsellers@hotmail.com,(841) 512-4836,3,tier1,POS-00377:tier1:conf=1.00:via=ECOM-00184;POS-00378:tier1:conf=1.00:via=POS-00377;ECOM-00184:tier1:conf=1.00:via=POS-00377
CUST-00185,Benjamin Shaw,maria67@gmail.com,,1,single_record,ECOM-00185:anchor
CUST-00186,Brittany Kane,courtney67@gmail.com,,1,single_record,ECOM-00186:anchor
CUST-00187,Alicia Bryant,shawn75@hotmail.com,,1,single_record,ECOM-00187:anchor
CUST-00188,Jennifer Ortiz,meltonmelanie@gmail.com,,1,single_record,ECOM-00188:anchor
CUST-00189,Terrance Costa,flynnraymond@yahoo.com,,2,tier1,POS-00382:tier1:conf=1.00:via=ECOM-00189;ECOM-00189:tier1:conf=1.00:via=POS-00382
CUST-00190,Debra Christian,patricia00@gmail.com,,2,tier2,POS-00385:tier2:conf=1.00:via=ECOM-00190;ECOM-00190:tier2:conf=1.00:via=POS-00385
CUST-00191,Jennifer Malone,penajohn@yahoo.com,,2,tier1,POS-00388:tier1:conf=1.00:via=ECOM-00191;ECOM-00191:tier1:conf=1.00:via=POS-00388
CUST-00192,Casey Welch,brettgarrett@hotmail.com,(523) 343-5059,2,tier1,POS-00390:tier1:conf=1.00:via=ECOM-00192;ECOM-00192:tier1:conf=1.00:via=POS-00390
CUST-00193,Julie Hamilton,aprilwallace@gmail.com,,1,single_record,ECOM-00193:anchor
CUST-00194,Corey Schultz,lisa62@yahoo.com,(503) 861-1894,2,tier1,POS-00394:tier1:conf=1.00:via=ECOM-00194;ECOM-00194:tier1:conf=1.00:via=POS-00394
CUST-00195,Monique Wallace,perezchristopher@gmail.com,,1,single_record,ECOM-00195:anchor
CUST-00196,Brandon Flynn,caseyelliott@hotmail.com,,1,single_record,ECOM-00196:anchor
CUST-00197,John Durham,bbell@yahoo.com,(285) 855-9791,2,tier1,POS-00403:tier1:conf=1.00:via=ECOM-00197;ECOM-00197:tier1:conf=1.00:via=POS-00403
CUST-00198,Jonathan Scott,johnnewman@gmail.com,,1,single_record,ECOM-00198:anchor
CUST-00199,Rachel Byrd,troyrodriguez@yahoo.com,,2,tier1,POS-00407:tier1:conf=1.00:via=ECOM-00199;ECOM-00199:tier1:conf=1.00:via=POS-00407
CUST-00200,Michael Matthews,david96@yahoo.com,,1,single_record,ECOM-00200:anchor
CUST-00201,Timothy Young,courtney86@yahoo.com,,1,single_record,ECOM-00201:anchor
CUST-00202,Ashley Andrews,imiller@hotmail.com,,1,single_record,ECOM-00202:anchor
CUST-00203,Tiffany Barrett,terrimoore@yahoo.com,,2,tier1,POS-00415:tier1:conf=1.00:via=ECOM-00203;ECOM-00203:tier1:conf=1.00:via=POS-00415
CUST-00204,Brandon Obrien,collinssamuel@gmail.com,,1,single_record,ECOM-00204:anchor
CUST-00205,Justin Lindsey,dsalazar@yahoo.com,,1,single_record,ECOM-00205:anchor
CUST-00206,Catherine Gomez,davidzimmerman@hotmail.com,,2,tier1,POS-00419:tier1:conf=1.00:via=ECOM-00206;ECOM-00206:tier1:conf=1.00:via=POS-00419
CUST-00207,Erica Le,gary24@hotmail.com,,1,single_record,ECOM-00207:anchor
CUST-00208,Donna Massey,wiseanthony@yahoo.com,(573) 592-3458,2,tier1,POS-00422:tier1:conf=1.00:via=ECOM-00208;ECOM-00208:tier1:conf=1.00:via=POS-00422
CUST-00209,Debbie Parker,alexandria49@hotmail.com,,1,single_record,ECOM-00209:anchor
CUST-00210,Scott Riley,crawfordwilliam@gmail.com,,1,single_record,ECOM-00210:anchor
CUST-00211,Kenneth Burgess,jonathangarcia@hotmail.com,(478) 279-7108,2,tier1,POS-00425:tier1:conf=1.00:via=ECOM-00211;ECOM-00211:tier1:conf=1.00:via=POS-00425
CUST-00212,Maria Scott,joseph19@yahoo.com,,1,single_record,ECOM-00212:anchor
CUST-00213,Makayla Olson,shawrachel@gmail.com,,2,tier2,POS-00431:tier2:conf=1.00:via=ECOM-00213;ECOM-00213:tier2:conf=1.00:via=POS-00431
CUST-00214,Lindsay Francis,wileymichelle@yahoo.com,(401) 950-9954,2,tier1,POS-00432:tier1:conf=1.00:via=ECOM-00214;ECOM-00214:tier1:conf=1.00:via=POS-00432
CUST-00215,Matthew Wilson,christopher70@yahoo.com,,2,tier1,POS-00433:tier1:conf=1.00:via=ECOM-00215;ECOM-00215:tier1:conf=1.00:via=POS-00433
CUST-00216,Tammy Dalton,stevenvargas@yahoo.com,,2,tier2,POS-00435:tier2:conf=1.00:via=ECOM-00216;ECOM-00216:tier2:conf=1.00:via=POS-00435
CUST-00217,Tammy Ballard,adamortiz@gmail.com,,2,tier1,POS-00437:tier1:conf=1.00:via=ECOM-00217;ECOM-00217:tier1:conf=1.00:via=POS-00437
CUST-00218,Anna Herman,,(468) 522-7438,2,tier2,POS-00445:tier2:conf=1.00:via=ECOM-00218;ECOM-00218:tier2:conf=1.00:via=POS-00445
CUST-00219,Madison Blankenship,grahamtamara@gmail.com,,3,tier1,POS-00448:tier1:conf=1.00:via=ECOM-00219;POS-00449:tier1:conf=1.00:via=POS-00448;ECOM-00219:tier1:conf=1.00:via=POS-00448
CUST-00220,Kevin Ortiz,louis43@gmail.com,,1,single_record,ECOM-00220:anchor
CUST-00221,Donald Shah,derekcarrillo@gmail.com,,1,single_record,ECOM-00221:anchor
CUST-00222,Kevin Vasquez,danielcole@yahoo.com,,2,tier1,POS-00450:tier1:conf=1.00:via=ECOM-00222;ECOM-00222:tier1:conf=1.00:via=POS-00450
CUST-00223,Derek Chavez,qparker@gmail.com,,2,tier2,POS-00452:tier2:conf=1.00:via=ECOM-00223;ECOM-00223:tier2:conf=1.00:via=POS-00452
CUST-00224,Tracy Russell,dawsontanya@yahoo.com,(305) 343-2989,2,tier1,POS-00457:tier1:conf=1.00:via=ECOM-00224;ECOM-00224:tier1:conf=1.00:via=POS-00457
CUST-00225,Stephanie Foley,codygarcia@gmail.com,,2,tier1,POS-00460:tier1:conf=1.00:via=ECOM-00225;ECOM-00225:tier1:conf=1.00:via=POS-00460
CUST-00226,Danielle Johnson,,(494) 278-2479,1,single_record,POS-00001:anchor
CUST-00227,Kathryn Miller,williamsmatthew@gmail.com,(243) 660-4084,2,tier2,POS-00004:tier2:conf=0.94:via=POS-00005;POS-00005:tier2:conf=0.94:via=POS-00004
CUST-00228,Patricia Miller,,(264) 661-2695,1,single_record,POS-00006:anchor
CUST-00229,Robert Johnson,lisahall@gmail.com,(552) 931-2381,1,single_record,POS-00007:anchor
CUST-00230,Jeffery Wagner,ramireztracey@gmail.com,,1,single_record,POS-00008:anchor
CUST-00231,Debra Gardner,howardkristina@hotmail.com,(737) 735-3600,1,single_record,POS-00010:anchor
CUST-00232,Jeffrey Lawrence,alfred40@gmail.com,,1,single_record,POS-00011:anchor
CUST-00233,Lisa Smith,xwest@hotmail.com,(254) 846-6482,2,tier2,POS-00012:tier2:conf=1.00:via=POS-00013;POS-00013:tier2:conf=1.00:via=POS-00012
CUST-00234,Susan Rogers,gsimmons@yahoo.com,(491) 458-3463,1,single_record,POS-00014:anchor
CUST-00235,Christopher Davis,,(880) 344-6731,1,single_record,POS-00015:anchor
CUST-00236,Lindsay Blair,cameronhill@hotmail.com,(602) 332-2388,1,single_record,POS-00016:anchor
CUST-00237,Nicholas Arnold,bwagner@gmail.com,(957) 901-9624,1,single_record,POS-00018:anchor
CUST-00238,Maria Montgomery,farrelldebra@hotmail.com,,1,single_record,POS-00019:anchor
CUST-00239,Michelle Ray,russellbeasley@yahoo.com,,1,single_record,POS-00020:anchor
CUST-00240,Cynthia Diaz,lisa80@hotmail.com,(833) 334-7172,1,single_record,POS-00024:anchor
CUST-00241,Joe Zuniga,uparrish@gmail.com,(444) 654-5668,2,tier2,POS-00025:tier2:conf=0.94:via=POS-00026;POS-00026:tier2:conf=0.94:via=POS-00025
CUST-00242,Deborah Lynch,caroline51@hotmail.com,(660) 439-9749,2,tier2,POS-00027:tier2:conf=0.94:via=POS-00028;POS-00028:tier2:conf=0.94:via=POS-00027
CUST-00243,George Daniel,megan51@yahoo.com,(592) 714-9641,1,single_record,POS-00029:anchor
CUST-00244,Frank Gray,lindsaybruce@hotmail.com,(405) 819-3267,2,tier1,POS-00030:tier1:conf=1.00:via=POS-00031;POS-00031:tier1:conf=1.00:via=POS-00030
CUST-00245,Veronica Bowman,lynchdiane@hotmail.com,(492) 285-3626,1,single_record,POS-00032:anchor
CUST-00246,Angela Cohen,anthony44@yahoo.com,,2,tier1,POS-00033:tier1:conf=1.00:via=POS-00034;POS-00034:tier1:conf=1.00:via=POS-00033
CUST-00247,Megan Parsons,adam29@hotmail.com,(625) 254-7495,1,single_record,POS-00035:anchor
CUST-00248,Jeremy Johnson,vjones@hotmail.com,,1,single_record,POS-00036:anchor
CUST-00249,Jason Hahn,jennifer99@gmail.com,(866) 543-3392,2,tier2,POS-00038:tier2:conf=1.00:via=POS-00039;POS-00039:tier2:conf=1.00:via=POS-00038
CUST-00250,Diana Foster,nelsonebony@yahoo.com,,1,single_record,POS-00040:anchor
CUST-00251,Robin Ellis,,(282) 219-5193,1,single_record,POS-00041:anchor
CUST-00252,Joseph Wright,nperry@hotmail.com,(762) 944-9647,1,single_record,POS-00042:anchor
CUST-00253,Brenda Hurst,trose@gmail.com,(669) 264-2816,2,tier2,POS-00045:tier2:conf=1.00:via=POS-00046;POS-00046:tier2:conf=1.00:via=POS-00045
CUST-00254,Reginald Robinson,kevinclark@gmail.com,,1,single_record,POS-00047:anchor
CUST-00255,Whitney Hicks,,(348) 498-8032,1,single_record,POS-00048:anchor
CUST-00256,Christopher Williams,keith10@yahoo.com,,1,single_record,POS-00049:anchor
CUST-00257,Daniel Burton,vincentwhitaker@yahoo.com,(737) 569-2108,1,single_record,POS-00050:anchor
CUST-00258,Laura Henderson,sandersjudy@yahoo.com,,1,single_record,POS-00051:anchor
CUST-00259,Wendy Rice,zroberts@gmail.com,(566) 269-6649,1,single_record,POS-00054:anchor
CUST-00260,Tasha Valencia,george97@hotmail.com,(844) 306-6447,1,single_record,POS-00055:anchor
CUST-00261,Alexander Le,,(760) 546-3868,1,single_record,POS-00056:anchor
CUST-00262,Erin Herrera,christopher13@yahoo.com,(676) 912-8840,1,single_record,POS-00057:anchor
CUST-00263,Shawn Mckay,schmidtjames@yahoo.com,(669) 237-5807,1,single_record,POS-00059:anchor
CUST-00264,Nancy Baker,,(405) 242-6170,1,single_record,POS-00060:anchor
CUST-00265,Rita Harrell,jonathanthompson@gmail.com,,2,tier2,POS-00062:tier2:conf=1.00:via=POS-00063;POS-00063:tier2:conf=1.00:via=POS-00062
CUST-00266,Kenneth Fowler,,(872) 539-5476,1,single_record,POS-00064:anchor
CUST-00267,Kathryn Ryan,,(392) 708-9151,1,single_record,POS-00066:anchor
CUST-00268,Aaron Nguyen,harrisoncrystal@yahoo.com,,1,single_record,POS-00068:anchor
CUST-00269,Andrew Hickman,,(501) 528-2680,1,single_record,POS-00069:anchor
CUST-00270,Natasha Decker,,(503) 513-8305,1,single_record,POS-00070:anchor
CUST-00271,Kyle Brown,bellcharles@yahoo.com,(371) 906-8272,1,single_record,POS-00071:anchor
CUST-00272,Christopher Tucker,jford@hotmail.com,(482) 854-1939,1,single_record,POS-00073:anchor
CUST-00273,Chad Hodges,colelisa@hotmail.com,(616) 572-9406,1,single_record,POS-00074:anchor
CUST-00274,Thomas Pierce,wagnergerald@gmail.com,(895) 648-1570,1,single_record,POS-00075:anchor
CUST-00275,Samuel Holmes,mathewaguilar@gmail.com,(581) 654-2259,2,tier2,POS-00078:tier2:conf=0.94:via=POS-00079;POS-00079:tier2:conf=0.94:via=POS-00078
CUST-00276,David Walker,elizabethcalderon@hotmail.com,,1,single_record,POS-00081:anchor
CUST-00277,Matthew Chapman,,(467) 920-8311,1,single_record,POS-00082:anchor
CUST-00278,Jerry Robinson,lucasrodney@yahoo.com,(493) 910-9047,2,tier2,POS-00083:tier2:conf=1.00:via=POS-00084;POS-00084:tier2:conf=1.00:via=POS-00083
CUST-00279,Chad Welch,coxhenry@gmail.com,,1,single_record,POS-00085:anchor
CUST-00280,Jeremy Whitehead,stacey73@gmail.com,(528) 883-6692,1,single_record,POS-00086:anchor
CUST-00281,John Caldwell,stanleynancy@hotmail.com,,1,single_record,POS-00087:anchor
CUST-00282,Lindsey Lee,pyoung@yahoo.com,(443) 705-1430,1,single_record,POS-00090:anchor
CUST-00283,Rodney Owens,smurray@yahoo.com,,1,single_record,POS-00091:anchor
CUST-00284,Jessica Nunez,mburch@hotmail.com,(765) 332-2412,1,single_record,POS-00092:anchor
CUST-00285,Jessica Nunez,moniquewilliams@yahoo.com,,1,single_record,POS-00093:anchor
CUST-00286,Tracey Garcia,angela18@gmail.com,(739) 620-7708,1,single_record,POS-00094:anchor
CUST-00287,Richard Morgan,christopher24@yahoo.com,,1,single_record,POS-00095:anchor
CUST-00288,Michelle Wright,mariahdavis@gmail.com,(858) 275-8372,2,tier2,POS-00096:tier2:conf=1.00:via=POS-00097;POS-00097:tier2:conf=1.00:via=POS-00096
CUST-00289,James West,sandersnathaniel@yahoo.com,(644) 714-1907,1,single_record,POS-00098:anchor
CUST-00290,Rob Ramirez,,(732) 490-2292,2,tier2,POS-00099:tier2:conf=0.94:via=POS-00100;POS-00100:tier2:conf=0.94:via=POS-00099
CUST-00291,John Leblanc,,(765) 481-3050,1,single_record,POS-00101:anchor
CUST-00292,Andrea Williams,lacey20@yahoo.com,,1,single_record,POS-00102:anchor
CUST-00293,Yvette Huff,awest@gmail.com,,1,single_record,POS-00103:anchor
CUST-00294,Tanya House,scottmary@hotmail.com,(358) 375-6531,1,single_record,POS-00104:anchor
CUST-00295,Todd Lewis,,(247) 856-5336,1,single_record,POS-00106:anchor
CUST-00296,Nicholas Galloway,fbrown@hotmail.com,,1,single_record,POS-00108:anchor
CUST-00297,Spencer Henderson,ashleylopez@hotmail.com,,1,single_record,POS-00111:anchor
CUST-00298,Angela Higgins,qzavala@hotmail.com,,1,single_record,POS-00113:anchor
CUST-00299,Tanya Riley,ingramjill@yahoo.com,(554) 608-3142,2,tier2,POS-00115:tier2:conf=1.00:via=POS-00116;POS-00116:tier2:conf=1.00:via=POS-00115
CUST-00300,Amy Adkins,,(678) 325-5382,1,single_record,POS-00117:anchor
CUST-00301,Brian Silva,,(364) 535-6123,1,single_record,POS-00119:anchor
CUST-00302,Wesley Farrell,zwelch@gmail.com,(711) 727-8648,1,single_record,POS-00120:anchor
CUST-00303,Eric Yu,baldwinsherry@gmail.com,(710) 223-2475,1,single_record,POS-00121:anchor
CUST-00304,Joe Wilson,,(562) 249-1828,2,tier1,POS-00122:tier1:conf=1.00:via=POS-00123;POS-00123:tier1:conf=1.00:via=POS-00122
CUST-00305,Pamela Sanchez,glennmartin@gmail.com,(983) 612-6995,1,single_record,POS-00124:anchor
CUST-00306,Brooke Harvey,samuel67@yahoo.com,,1,single_record,POS-00125:anchor
CUST-00307,Robert Silva,terri77@yahoo.com,,1,single_record,POS-00126:anchor
CUST-00308,Alexandra Donovan,laurie61@yahoo.com,,1,single_record,POS-00127:anchor
CUST-00309,John Foster,donna47@hotmail.com,,1,single_record,POS-00128:anchor
CUST-00310,Emily Evans,cjackson@yahoo.com,,1,single_record,POS-00129:anchor
CUST-00311,Yolanda Ferrell,lambertrichard@hotmail.com,,2,tier1,POS-00131:tier1:conf=1.00:via=POS-00132;POS-00132:tier1:conf=1.00:via=POS-00131
CUST-00312,Charles Lewis,,(722) 611-9193,1,single_record,POS-00133:anchor
CUST-00313,Mike Moore,khines@gmail.com,(344) 535-6218,1,single_record,POS-00136:anchor
CUST-00314,Martha Warner,raymond43@gmail.com,,1,single_record,POS-00137:anchor
CUST-00315,Destiny Smith,greenjorge@yahoo.com,(808) 544-9311,1,single_record,POS-00138:anchor
CUST-00316,Lisa Evans,wendymitchell@yahoo.com,,1,single_record,POS-00139:anchor
CUST-00317,Elizabeth Mcmillan,davidfarrell@yahoo.com,(507) 686-1272,1,single_record,POS-00140:anchor
CUST-00318,Jennifer Harris,kristyjohnson@hotmail.com,,1,single_record,POS-00143:anchor
CUST-00319,Tracy Whitehead,jonesraymond@hotmail.com,,1,single_record,POS-00144:anchor
CUST-00320,Meghan Davis,xfox@yahoo.com,(590) 351-4968,1,single_record,POS-00145:anchor
CUST-00321,Rodney Hill,martinezlogan@gmail.com,,1,single_record,POS-00146:anchor
CUST-00322,Adam Wise,,(220) 651-6139,1,single_record,POS-00147:anchor
CUST-00323,Ronald Smith,katrinaanderson@hotmail.com,,1,single_record,POS-00149:anchor
CUST-00324,Becky Gardner,stacey84@gmail.com,(690) 738-7173,2,tier1,POS-00150:tier1:conf=1.00:via=POS-00151;POS-00151:tier1:conf=1.00:via=POS-00150
CUST-00325,Mary Aguilar,james84@gmail.com,(551) 759-6804,2,tier2,POS-00152:tier2:conf=1.00:via=POS-00153;POS-00153:tier2:conf=1.00:via=POS-00152
CUST-00326,Kimberly Henson,barkereric@yahoo.com,(589) 604-6654,1,single_record,POS-00157:anchor
CUST-00327,Eric Spears,,(244) 494-2294,1,single_record,POS-00158:anchor
CUST-00328,Michelle Cherry,larryhiggins@hotmail.com,(872) 462-8849,1,single_record,POS-00159:anchor
CUST-00329,Lisa Keith,,(752) 477-5450,1,single_record,POS-00160:anchor
CUST-00330,Kristin Rodriguez,,(862) 260-2465,1,single_record,POS-00166:anchor
CUST-00331,Monica Garrison,james27@hotmail.com,,1,single_record,POS-00167:anchor
CUST-00332,Steven Torres,davisphillip@yahoo.com,,1,single_record,POS-00169:anchor
CUST-00333,Laura Perez,,(782) 817-2758,1,single_record,POS-00171:anchor
CUST-00334,Andrew Lee,,(857) 756-9590,1,single_record,POS-00172:anchor
CUST-00335,Tammy Ramirez,kathryn50@yahoo.com,(680) 479-4159,1,single_record,POS-00173:anchor
CUST-00336,Darlene Ross,,(367) 948-8518,1,single_record,POS-00174:anchor
CUST-00337,Tina Herrera,,(391) 214-6523,1,single_record,POS-00175:anchor
CUST-00338,Sheila Wilson,,(891) 975-4164,1,single_record,POS-00176:anchor
CUST-00339,Tara White,charles87@hotmail.com,(616) 637-9442,1,single_record,POS-00177:anchor
CUST-00340,Tara White,marcia99@gmail.com,,1,single_record,POS-00178:anchor
CUST-00341,Jessica Edwards,cporter@gmail.com,(207) 467-7284,1,single_record,POS-00180:anchor
CUST-00342,Catherine Dixon,jenniferbrock@hotmail.com,,1,single_record,POS-00181:anchor
CUST-00343,Paul Ray,ghernandez@gmail.com,(510) 796-1187,1,single_record,POS-00182:anchor
CUST-00344,Amanda Ball,terickson@yahoo.com,(264) 883-2936,1,single_record,POS-00183:anchor
CUST-00345,Judy Lambert,,(616) 902-9233,1,single_record,POS-00184:anchor
CUST-00346,Elizabeth Rivera,,(321) 854-5833,1,single_record,POS-00185:anchor
CUST-00347,Lee Charles,laura09@yahoo.com,,1,single_record,POS-00186:anchor
CUST-00348,Kyle Ortiz,silvageorge@hotmail.com,,1,single_record,POS-00188:anchor
CUST-00349,Shelby Byrd,roberthampton@yahoo.com,(284) 738-8319,1,single_record,POS-00190:anchor
CUST-00350,Raven Gilbert,thorntonapril@hotmail.com,(280) 777-2838,1,single_record,POS-00191:anchor
CUST-00351,Kevin Kelley,whitney78@yahoo.com,(718) 407-9792,1,single_record,POS-00192:anchor
CUST-00352,Aaron Mitchell,,(733) 652-2904,1,single_record,POS-00193:anchor
CUST-00353,Russell Carpenter,,(798) 700-2489,1,single_record,POS-00194:anchor
CUST-00354,Scott Lewis,erica49@yahoo.com,(665) 335-9409,1,single_record,POS-00195:anchor
CUST-00355,Thomas Santana,susanramirez@yahoo.com,,1,single_record,POS-00196:anchor
CUST-00356,Laura Jackson,shellyhendrix@yahoo.com,,1,single_record,POS-00197:anchor
CUST-00357,Cynthia Rogers,,(553) 917-2044,1,single_record,POS-00199:anchor
CUST-00358,Emily Walker,reedscott@yahoo.com,(271) 683-1519,2,tier2,POS-00200:tier2:conf=1.00:via=POS-00201;POS-00201:tier2:conf=1.00:via=POS-00200
CUST-00359,James Johnson,,(857) 946-7887,1,single_record,POS-00202:anchor
CUST-00360,John Alvarez,derrick99@gmail.com,(592) 659-7184,2,tier2,POS-00203:tier2:conf=1.00:via=POS-00204;POS-00204:tier2:conf=1.00:via=POS-00203
CUST-00361,Melissa Jones,brentstein@gmail.com,(322) 382-9802,1,single_record,POS-00205:anchor
CUST-00362,Gregory Rubio,,(809) 234-8314,1,single_record,POS-00211:anchor
CUST-00363,Stephen Solis,nancy04@hotmail.com,(451) 958-1724,1,single_record,POS-00212:anchor
CUST-00364,Elizabeth Travis,hebertmatthew@yahoo.com,,1,single_record,POS-00213:anchor
CUST-00365,Patricia Salazar,znelson@gmail.com,(258) 343-9255,1,single_record,POS-00214:anchor
CUST-00366,Maria Kelley,alexisrogers@yahoo.com,,1,single_record,POS-00217:anchor
CUST-00367,Thomas Green,frobertson@yahoo.com,(842) 895-7999,1,single_record,POS-00218:anchor
CUST-00368,Katie Boyd,,(627) 618-3444,1,single_record,POS-00220:anchor
CUST-00369,Amber Taylor,contrerassteven@gmail.com,,1,single_record,POS-00221:anchor
CUST-00370,Jasmine Brown,,(925) 347-8586,1,single_record,POS-00222:anchor
CUST-00371,Robert Clark,,(409) 538-2295,1,single_record,POS-00224:anchor
CUST-00372,Brandy Dominguez,madkins@yahoo.com,,1,single_record,POS-00225:anchor
CUST-00373,Melissa Cannon,emiles@hotmail.com,(396) 252-5398,1,single_record,POS-00226:anchor
CUST-00374,Michael Molina,foxallison@yahoo.com,,1,single_record,POS-00227:anchor
CUST-00375,Melissa Ashley,starkdaniel@hotmail.com,(393) 979-4555,1,single_record,POS-00228:anchor
CUST-00376,Melissa Ashley,ashleyhernandez@yahoo.com,(541) 510-1251,1,single_record,POS-00229:anchor
CUST-00377,Robert Adkins,nwilson@hotmail.com,(960) 320-8846,1,single_record,POS-00230:anchor
CUST-00378,Amy Morrison,gdavis@yahoo.com,(921) 409-7498,1,single_record,POS-00231:anchor
CUST-00379,Jeffrey Robinson,chavezwilliam@yahoo.com,,1,single_record,POS-00232:anchor
CUST-00380,Ryan Johnson,,(678) 746-6886,1,single_record,POS-00233:anchor
CUST-00381,Richard Martin,fosterlisa@hotmail.com,,1,single_record,POS-00234:anchor
CUST-00382,Richard Martin,,(940) 680-6246,1,single_record,POS-00235:anchor
CUST-00383,Tanner Anderson,bethwilliams@yahoo.com,,1,single_record,POS-00236:anchor
CUST-00384,Cindy Johnson,,(427) 959-3390,1,single_record,POS-00237:anchor
CUST-00385,Jason Murphy,rbennett@hotmail.com,(503) 356-4214,1,single_record,POS-00238:anchor
CUST-00386,Kathleen Gray,,(784) 451-9180,1,single_record,POS-00239:anchor
CUST-00387,Johnny Miller,,(982) 700-9037,1,single_record,POS-00240:anchor
CUST-00388,Andrew Ryan,,(561) 373-3293,1,single_record,POS-00241:anchor
CUST-00389,Zoe Bell,avilatiffany@yahoo.com,,1,single_record,POS-00242:anchor
CUST-00390,Denise Webster,rreed@gmail.com,(277) 884-1794,1,single_record,POS-00244:anchor
CUST-00391,Stefanie Gonzalez,,(341) 845-4791,1,single_record,POS-00245:anchor
CUST-00392,Andrew Hernandez,johnsondonna@hotmail.com,(210) 423-9285,1,single_record,POS-00246:anchor
CUST-00393,Julie Wilson,jim95@hotmail.com,,1,single_record,POS-00249:anchor
CUST-00394,Lori Oconnell,,(915) 890-8054,1,single_record,POS-00250:anchor
CUST-00395,Larry Byrd,conniesimmons@yahoo.com,,1,single_record,POS-00252:anchor
CUST-00396,Jennifer Jones,trussell@yahoo.com,,1,single_record,POS-00254:anchor
CUST-00397,Hannah Burton,,(901) 282-1519,2,tier2,POS-00255:tier2:conf=1.00:via=POS-00256;POS-00256:tier2:conf=1.00:via=POS-00255
CUST-00398,Curtis Barton,meredith27@gmail.com,,1,single_record,POS-00257:anchor
CUST-00399,Melissa Burke,jfaulkner@hotmail.com,,2,tier1,POS-00258:tier1:conf=1.00:via=POS-00259;POS-00259:tier1:conf=1.00:via=POS-00258
CUST-00400,David Riggs,paulscott@yahoo.com,(244) 435-4463,1,single_record,POS-00260:anchor
CUST-00401,Ross Wood,russojacob@hotmail.com,(384) 522-1256,2,tier2,POS-00262:tier2:conf=1.00:via=POS-00263;POS-00263:tier2:conf=1.00:via=POS-00262
CUST-00402,William Peterson,susan03@gmail.com,(608) 278-5903,1,single_record,POS-00264:anchor
CUST-00403,Cynthia Poole,michael77@gmail.com,(906) 941-2284,1,single_record,POS-00267:anchor
CUST-00404,Joseph Morton,,(850) 479-8381,1,single_record,POS-00271:anchor
CUST-00405,Amanda Webb,,(767) 584-8075,1,single_record,POS-00272:anchor
CUST-00406,Ryan Simon,jonathan77@yahoo.com,,1,single_record,POS-00273:anchor
CUST-00407,Joseph Christian,,(834) 502-5037,1,single_record,POS-00274:anchor
CUST-00408,Mariah Miller,,(475) 357-7225,1,single_record,POS-00275:anchor
CUST-00409,Nicole Sanchez,jessicabell@gmail.com,(358) 957-7383,1,single_record,POS-00276:anchor
CUST-00410,Nicholas Johnson,,(206) 515-8286,1,single_record,POS-00277:anchor
CUST-00411,Melissa White,warrenmary@gmail.com,(305) 335-2430,1,single_record,POS-00278:anchor
CUST-00412,Jacqueline Hill,,(563) 767-2524,1,single_record,POS-00280:anchor
CUST-00413,Alejandro Vaughan,nbrooks@hotmail.com,,1,single_record,POS-00281:anchor
CUST-00414,Christopher Cortez,bhopkins@gmail.com,(213) 498-7779,1,single_record,POS-00282:anchor
CUST-00415,Tracy Chang,hsmith@hotmail.com,(943) 772-4977,1,single_record,POS-00283:anchor
CUST-00416,Christopher Walker,,(705) 349-2036,1,single_record,POS-00286:anchor
CUST-00417,Heather Torres,warrenjohn@hotmail.com,,1,single_record,POS-00287:anchor
CUST-00418,Bonnie Kennedy,,(279) 569-5123,1,single_record,POS-00288:anchor
CUST-00419,Julie Rivera,,(207) 605-6443,1,single_record,POS-00290:anchor
CUST-00420,Julie Rivera,kevinclayton@gmail.com,(538) 650-6484,1,single_record,POS-00291:anchor
CUST-00421,Jacqueline Nelson,davisnicholas@hotmail.com,(867) 808-3230,1,single_record,POS-00292:anchor
CUST-00422,James Wilson,christopherbruce@hotmail.com,(527) 498-9044,1,single_record,POS-00294:anchor
CUST-00423,Amanda Gill,ariel18@gmail.com,(534) 585-5592,1,single_record,POS-00295:anchor
CUST-00424,James Perez,thickman@gmail.com,(587) 275-8357,1,single_record,POS-00301:anchor
CUST-00425,Harry Smith,ashleyatkinson@hotmail.com,,1,single_record,POS-00302:anchor
CUST-00426,Amanda Hill,patrick21@hotmail.com,,1,single_record,POS-00303:anchor
CUST-00427,Terri Tran,brian63@gmail.com,(757) 237-6890,1,single_record,POS-00304:anchor
CUST-00428,Heidi Martinez,cassie99@yahoo.com,(750) 808-2392,1,single_record,POS-00305:anchor
CUST-00429,Monique Andrews,,(881) 563-3725,1,single_record,POS-00306:anchor
CUST-00430,Jack Williams,,(861) 893-7547,1,single_record,POS-00307:anchor
CUST-00431,Shelley Woods,,(641) 308-1172,2,tier2,POS-00308:tier2:conf=1.00:via=POS-00309;POS-00309:tier2:conf=1.00:via=POS-00308
CUST-00432,Krystal Perez,fgarcia@yahoo.com,(803) 907-9199,1,single_record,POS-00311:anchor
CUST-00433,Alexandra Hayes,,(226) 694-2712,1,single_record,POS-00312:anchor
CUST-00434,Scott Dalton,carlsonkristen@yahoo.com,,1,single_record,POS-00313:anchor
CUST-00435,Veronica Torres,ashleyjackson@yahoo.com,(948) 345-6707,1,single_record,POS-00314:anchor
CUST-00436,Christine Lynch,,(412) 733-8912,1,single_record,POS-00315:anchor
CUST-00437,Jody Meza,dominicturner@yahoo.com,,1,single_record,POS-00316:anchor
CUST-00438,Donna Moore,todd15@yahoo.com,(527) 268-5919,1,single_record,POS-00317:anchor
CUST-00439,Glenn Jones,jennifersimpson@hotmail.com,(318) 223-6620,1,single_record,POS-00318:anchor
CUST-00440,Aaron Hayes,,(369) 958-4996,1,single_record,POS-00319:anchor
CUST-00441,Kristin Weber,tamaranovak@yahoo.com,(438) 614-4022,1,single_record,POS-00321:anchor
CUST-00442,Donna Peck,yfaulkner@gmail.com,,1,single_record,POS-00322:anchor
CUST-00443,Ronald Stephens,nicholas65@gmail.com,,1,single_record,POS-00323:anchor
CUST-00444,Deborah Kerr,brittanygardner@hotmail.com,,2,tier2,POS-00324:tier2:conf=0.94:via=POS-00325;POS-00325:tier2:conf=0.94:via=POS-00324
CUST-00445,Margaret Jones,,(486) 970-2025,1,single_record,POS-00326:anchor
CUST-00446,Gabriel Parker,,(750) 391-6993,1,single_record,POS-00327:anchor
CUST-00447,Kaitlyn Carroll,,(317) 468-9019,1,single_record,POS-00328:anchor
CUST-00448,Sherri Mason,ttaylor@gmail.com,,1,single_record,POS-00330:anchor
CUST-00449,Bill Reynolds,eewing@hotmail.com,(505) 829-2388,1,single_record,POS-00332:anchor
CUST-00450,Will Reynolds,,(388) 582-3316,1,single_record,POS-00333:anchor
CUST-00451,Marcus Wright,sferguson@yahoo.com,,1,single_record,POS-00334:anchor
CUST-00452,Christopher Hayden,gabriel90@hotmail.com,,1,single_record,POS-00336:anchor
CUST-00453,Emily Adams,michaeljohnson@gmail.com,(697) 339-4196,2,tier2,POS-00338:tier2:conf=1.00:via=POS-00339;POS-00339:tier2:conf=1.00:via=POS-00338
CUST-00454,Sabrina White,gbailey@yahoo.com,,1,single_record,POS-00340:anchor
CUST-00455,Brenda Walters,tflores@gmail.com,,1,single_record,POS-00341:anchor
CUST-00456,Michael Cook,sarahyang@hotmail.com,,1,single_record,POS-00343:anchor
CUST-00457,Elizabeth Hodge,andrearivera@yahoo.com,(500) 233-5503,1,single_record,POS-00344:anchor
CUST-00458,Lisa Pierce,,(757) 575-9880,1,single_record,POS-00347:anchor
CUST-00459,Richard Robertson,lloydamanda@yahoo.com,(661) 469-6711,1,single_record,POS-00350:anchor
CUST-00460,Vanessa Sandoval,james14@hotmail.com,(650) 320-4882,1,single_record,POS-00351:anchor
CUST-00461,Amy Gutierrez,orose@yahoo.com,(803) 905-6744,1,single_record,POS-00352:anchor
CUST-00462,Jacob Cox,lcarr@gmail.com,(848) 638-3719,1,single_record,POS-00353:anchor
CUST-00463,Katherine Garrett,,(412) 411-1972,1,single_record,POS-00354:anchor
CUST-00464,Andrea Pennington,samantha91@hotmail.com,,1,single_record,POS-00355:anchor
CUST-00465,Andrea Pennington,,(921) 499-5740,1,single_record,POS-00356:anchor
CUST-00466,Samuel Wolfe,,(727) 895-2560,1,single_record,POS-00357:anchor
CUST-00467,David Dudley,lawrenceallen@gmail.com,(622) 260-5543,1,single_record,POS-00358:anchor
CUST-00468,Marilyn Jimenez,stephanie72@gmail.com,,1,single_record,POS-00362:anchor
CUST-00469,Joshua Davenport,fortiz@yahoo.com,,1,single_record,POS-00363:anchor
CUST-00470,Natasha Shields,,(728) 967-5558,1,single_record,POS-00364:anchor
CUST-00471,Joshua Tyler,hdunn@hotmail.com,(578) 665-8996,1,single_record,POS-00365:anchor
CUST-00472,Justin Evans,pgarcia@gmail.com,,1,single_record,POS-00367:anchor
CUST-00473,Andrea Daniels,michelle96@gmail.com,(899) 980-1793,1,single_record,POS-00370:anchor
CUST-00474,Jacob Terry,amanda98@gmail.com,(217) 327-3588,1,single_record,POS-00372:anchor
CUST-00475,Ashley Hall,tiffany44@hotmail.com,,1,single_record,POS-00373:anchor
CUST-00476,Kimberly Williams,,(906) 335-5945,1,single_record,POS-00374:anchor
CUST-00477,Julie Thornton,stephanie81@gmail.com,(481) 295-6905,1,single_record,POS-00375:anchor
CUST-00478,Lisa Hughes,,(881) 864-3711,1,single_record,POS-00376:anchor
CUST-00479,Tina Simpson,jacquelineanderson@gmail.com,,1,single_record,POS-00379:anchor
CUST-00480,Morgan Alexander,powellkara@hotmail.com,(633) 910-3165,1,single_record,POS-00380:anchor
CUST-00481,Diana Moore,sreid@yahoo.com,,1,single_record,POS-00381:anchor
CUST-00482,Matthew Schwartz,troymorris@yahoo.com,,2,tier1,POS-00383:tier1:conf=1.00:via=POS-00384;POS-00384:tier1:conf=1.00:via=POS-00383
CUST-00483,Melissa Villarreal,bsmith@gmail.com,(651) 559-4490,1,single_record,POS-00386:anchor
CUST-00484,Norman Stewart,nicoleturner@yahoo.com,(622) 830-8248,1,single_record,POS-00387:anchor
CUST-00485,Monique Johnson,,(327) 803-7291,1,single_record,POS-00389:anchor
CUST-00486,Samantha Bright,rubendavis@gmail.com,(875) 508-4366,2,tier2,POS-00391:tier2:conf=1.00:via=POS-00392;POS-00392:tier2:conf=1.00:via=POS-00391
CUST-00487,Julie Hamilton,lewischristian@hotmail.com,,1,single_record,POS-00393:anchor
CUST-00488,Heather Berger,edwardsnicole@gmail.com,,1,single_record,POS-00395:anchor
CUST-00489,Brandon Flynn,wayala@gmail.com,(213) 569-6185,2,tier2,POS-00396:tier2:conf=1.00:via=POS-00397;POS-00397:tier2:conf=1.00:via=POS-00396
CUST-00490,Kelly Brooks,scottbowen@hotmail.com,(783) 630-6986,1,single_record,POS-00398:anchor
CUST-00491,Dustin Schmidt,samanthajensen@yahoo.com,(982) 682-2195,1,single_record,POS-00399:anchor
CUST-00492,Ashlee Sparks,christophergarcia@gmail.com,,1,single_record,POS-00400:anchor
CUST-00493,George Miller,,(241) 261-7520,1,single_record,POS-00401:anchor
CUST-00494,Monica Harvey,,(930) 713-7806,1,single_record,POS-00402:anchor
CUST-00495,Douglas Murray,,(286) 517-2294,1,single_record,POS-00404:anchor
CUST-00496,Albert Ballard,kimberly04@gmail.com,(360) 749-6353,2,tier2,POS-00405:tier2:conf=1.00:via=POS-00406;POS-00406:tier2:conf=1.00:via=POS-00405
CUST-00497,Rachel Byrd,ricetiffany@yahoo.com,,1,single_record,POS-00408:anchor
CUST-00498,Eric Alexander,,(289) 644-2900,1,single_record,POS-00409:anchor
CUST-00499,Danielle Coleman,kathrynbest@gmail.com,,1,single_record,POS-00410:anchor
CUST-00500,John Bruce,matthewsalexander@gmail.com,(874) 958-3877,1,single_record,POS-00411:anchor
CUST-00501,James Cruz,,(341) 918-1185,1,single_record,POS-00412:anchor
CUST-00502,James Cruz,livingstonstacy@yahoo.com,(736) 729-5247,1,single_record,POS-00413:anchor
CUST-00503,Victoria Phillips,joshuacollins@hotmail.com,(476) 950-2934,1,single_record,POS-00414:anchor
CUST-00504,Joshua Knight,wwillis@hotmail.com,,1,single_record,POS-00416:anchor
CUST-00505,Gina Garner,,(930) 790-2262,1,single_record,POS-00417:anchor
CUST-00506,Tyler Strong,sanchezsandy@gmail.com,,1,single_record,POS-00418:anchor
CUST-00507,Dana Oliver,martinstephanie@hotmail.com,(203) 245-1201,2,tier2,POS-00420:tier2:conf=1.00:via=POS-00421;POS-00421:tier2:conf=1.00:via=POS-00420
CUST-00508,Courtney Berger,,(932) 958-7870,1,single_record,POS-00423:anchor
CUST-00509,Jessica Davis,kvillarreal@yahoo.com,,1,single_record,POS-00424:anchor
CUST-00510,Gregory Anderson,perezwilliam@gmail.com,(254) 383-4656,2,tier2,POS-00426:tier2:conf=1.00:via=POS-00427;POS-00427:tier2:conf=1.00:via=POS-00426
CUST-00511,Amber Mata,haroldhorne@gmail.com,,2,tier1,POS-00428:tier1:conf=1.00:via=POS-00429;POS-00429:tier1:conf=1.00:via=POS-00428
CUST-00512,Alyssa Mcintyre,pwalker@yahoo.com,,1,single_record,POS-00430:anchor
CUST-00513,Sydney Taylor,kellymueller@hotmail.com,(225) 438-9872,1,single_record,POS-00434:anchor
CUST-00514,Jennifer Whitney,,(874) 585-6038,1,single_record,POS-00436:anchor
CUST-00515,Michael Gibbs,cynthia05@gmail.com,,1,single_record,POS-00438:anchor
CUST-00516,Alexander Herrera,usweeney@yahoo.com,(346) 928-5584,1,single_record,POS-00439:anchor
CUST-00517,Shawn Chambers,,(438) 732-7767,1,single_record,POS-00440:anchor
CUST-00518,Emily Richards,harristonya@yahoo.com,(670) 965-2391,1,single_record,POS-00441:anchor
CUST-00519,Lynn Bentley,,(337) 852-7461,1,single_record,POS-00442:anchor
CUST-00520,Daniel Hall,jwoodward@hotmail.com,,1,single_record,POS-00443:anchor
CUST-00521,Angel Henson,christopher38@yahoo.com,,1,single_record,POS-00444:anchor
CUST-00522,Jeffrey Brown,danafoster@hotmail.com,,2,tier2,POS-00446:tier2:conf=1.00:via=POS-00447;POS-00447:tier2:conf=1.00:via=POS-00446
CUST-00523,Colton Clay,wmartinez@gmail.com,,1,single_record,POS-00451:anchor
CUST-00524,Ellen Paul,,(536) 351-2494,1,single_record,POS-00453:anchor
CUST-00525,Sonya Barnes,,(565) 605-9412,1,single_record,POS-00454:anchor
CUST-00526,Julia Moore,mooregina@hotmail.com,(467) 378-1509,1,single_record,POS-00455:anchor
CUST-00527,Robert Garcia,lewismelissa@gmail.com,(770) 966-5093,1,single_record,POS-00456:anchor
CUST-00528,Stephanie Johnson,byrdjorge@gmail.com,(428) 333-4246,1,single_record,POS-00458:anchor
CUST-00529,Mitchell Ramos,cranemelissa@hotmail.com,,1,single_record,POS-00459:anchor
