send_id,source_customer_ref,template_id,trigger,send_date,opened_flag,replied_flag,purchased_within_30d_flag
SEND-00001,POS-00428,TPL_DAY7_THANKYOU,day_7,2025-04-30,True,False,False
SEND-00002,POS-00361,TPL_DAY30_RESTOCK_TEASER,day_30,2025-05-10,True,False,False
SEND-00003,POS-00407,TPL_DAY30_WINBACK,day_30,2025-03-06,False,False,False
SEND-00004,POS-00340,TPL_DAY30_RESTOCK_TEASER,day_30,2026-05-01,True,False,False
SEND-00005,POS-00454,TPL_DAY30_WINBACK,day_30,2026-04-04,True,False,False
SEND-00006,POS-00034,TPL_DAY30_RESTOCK_TEASER,day_30,2025-10-10,False,False,False
SEND-00007,ECOM-00171,TPL_DAY7_THANKYOU,day_7,2026-06-13,False,False,False
SEND-00008,POS-00225,TPL_DAY7_STYLING_TIPS,day_7,2026-05-01,False,False,False
SEND-00009,ECOM-00004,TPL_DAY30_WINBACK,day_30,2026-02-22,True,False,False
SEND-00010,ECOM-00084,TPL_DAY30_RESTOCK_TEASER,day_30,2025-09-22,False,False,False
SEND-00011,ECOM-00055,TPL_DAY7_THANKYOU,day_7,2026-04-01,True,False,False
SEND-00012,POS-00067,TPL_DAY30_RESTOCK_TEASER,day_30,2026-01-04,False,False,False
SEND-00013,POS-00017,TPL_DAY7_THANKYOU,day_7,2025-08-15,False,False,False
SEND-00014,POS-00394,TPL_DAY30_WINBACK,day_30,2025-12-07,False,False,False
SEND-00015,POS-00392,TPL_DAY7_THANKYOU,day_7,2025-07-11,True,False,False
SEND-00016,POS-00301,TPL_DAY30_RESTOCK_TEASER,day_30,2025-05-07,True,False,False
SEND-00017,ECOM-00197,TPL_DAY7_THANKYOU,day_7,2025-10-18,False,False,False
SEND-00018,ECOM-00196,TPL_DAY7_THANKYOU,day_7,2026-02-28,False,False,False
SEND-00019,ECOM-00195,TPL_DAY7_THANKYOU,day_7,2025-03-11,False,False,False
SEND-00020,POS-00374,TPL_DAY7_THANKYOU,day_7,2025-01-29,False,False,False
SEND-00021,POS-00027,TPL_DAY7_STYLING_TIPS,day_7,2025-11-14,False,False,False
SEND-00022,POS-00289,TPL_DAY30_WINBACK,day_30,2025-03-13,False,False,False
SEND-00023,POS-00337,TPL_DAY7_THANKYOU,day_7,2026-05-27,False,False,False
SEND-00024,ECOM-00114,TPL_DAY30_WINBACK,day_30,2025-03-21,False,False,False
SEND-00025,ECOM-00178,TPL_DAY30_WINBACK,day_30,2025-03-02,False,False,False
SEND-00026,POS-00022,TPL_DAY30_RESTOCK_TEASER,day_30,2026-03-14,False,False,False
SEND-00027,ECOM-00076,TPL_DAY7_STYLING_TIPS,day_7,2026-03-18,True,True,False
SEND-00028,POS-00399,TPL_DAY7_STYLING_TIPS,day_7,2025-10-17,False,False,False
SEND-00029,POS-00168,TPL_DAY30_RESTOCK_TEASER,day_30,2025-02-05,False,False,False
SEND-00030,POS-00351,TPL_DAY30_RESTOCK_TEASER,day_30,2025-01-17,False,False,False
SEND-00031,POS-00262,TPL_DAY30_RESTOCK_TEASER,day_30,2025-12-02,False,False,False
SEND-00032,ECOM-00036,TPL_DAY7_THANKYOU,day_7,2025-03-13,True,True,False
SEND-00033,ECOM-00073,TPL_DAY30_WINBACK,day_30,2026-03-27,False,False,False
SEND-00034,POS-00183,TPL_DAY30_RESTOCK_TEASER,day_30,2026-04-30,False,False,False
SEND-00035,POS-00430,TPL_DAY7_THANKYOU,day_7,2025-12-26,False,False,False
SEND-00036,ECOM-00059,TPL_DAY30_WINBACK,day_30,2025-02-13,False,False,False
SEND-00037,POS-00085,TPL_DAY7_STYLING_TIPS,day_7,2025-05-23,True,False,False
SEND-00038,POS-00149,TPL_DAY7_STYLING_TIPS,day_7,2026-07-04,False,False,False
SEND-00039,POS-00336,TPL_DAY30_WINBACK,day_30,2026-01-10,False,False,False
SEND-00040,POS-00380,TPL_DAY7_STYLING_TIPS,day_7,2026-06-25,True,False,False
SEND-00041,ECOM-00189,TPL_DAY7_THANKYOU,day_7,2025-10-16,True,False,False
SEND-00042,POS-00103,TPL_DAY30_RESTOCK_TEASER,day_30,2026-01-12,False,False,False
SEND-00043,POS-00378,TPL_DAY30_WINBACK,day_30,2025-01-20,True,False,False
SEND-00044,ECOM-00057,TPL_DAY30_RESTOCK_TEASER,day_30,2025-11-29,True,False,False
SEND-00045,POS-00154,TPL_DAY30_WINBACK,day_30,2025-04-14,True,False,False
SEND-00046,POS-00210,TPL_DAY30_RESTOCK_TEASER,day_30,2025-12-05,False,False,False
SEND-00047,POS-00448,TPL_DAY7_THANKYOU,day_7,2026-01-23,False,False,False
SEND-00048,POS-00020,TPL_DAY7_STYLING_TIPS,day_7,2025-12-05,False,False,False
SEND-00049,ECOM-00076,TPL_DAY7_STYLING_TIPS,day_7,2025-11-01,False,False,False
SEND-00050,POS-00043,TPL_DAY30_WINBACK,day_30,2025-12-27,False,False,False
SEND-00051,ECOM-00075,TPL_DAY7_THANKYOU,day_7,2026-04-13,False,False,False
SEND-00052,POS-00024,TPL_DAY30_WINBACK,day_30,2026-06-08,False,False,False
SEND-00053,ECOM-00015,TPL_DAY30_RESTOCK_TEASER,day_30,2025-05-22,True,True,False
SEND-00054,POS-00140,TPL_DAY7_THANKYOU,day_7,2026-02-28,False,False,False
SEND-00055,ECOM-00012,TPL_DAY7_THANKYOU,day_7,2026-04-11,True,False,False
SEND-00056,POS-00026,TPL_DAY30_WINBACK,day_30,2025-10-25,False,False,False
SEND-00057,POS-00455,TPL_DAY30_RESTOCK_TEASER,day_30,2026-06-11,False,False,False
SEND-00058,POS-00432,TPL_DAY7_STYLING_TIPS,day_7,2026-05-04,True,False,False
SEND-00059,POS-00009,TPL_DAY30_RESTOCK_TEASER,day_30,2025-03-24,True,False,False
SEND-00060,POS-00181,TPL_DAY30_WINBACK,day_30,2026-02-09,False,False,False
SEND-00061,POS-00339,TPL_DAY30_RESTOCK_TEASER,day_30,2026-05-19,False,False,False
SEND-00062,POS-00399,TPL_DAY7_STYLING_TIPS,day_7,2026-02-02,True,False,False
SEND-00063,POS-00159,TPL_DAY30_WINBACK,day_30,2025-10-20,True,False,False
SEND-00064,POS-00418,TPL_DAY30_RESTOCK_TEASER,day_30,2026-02-05,False,False,False
SEND-00065,POS-00125,TPL_DAY7_THANKYOU,day_7,2026-01-26,False,False,False
SEND-00066,POS-00046,TPL_DAY30_RESTOCK_TEASER,day_30,2025-08-01,False,False,False
SEND-00067,ECOM-00160,TPL_DAY30_RESTOCK_TEASER,day_30,2026-07-01,True,False,False
SEND-00068,POS-00205,TPL_DAY30_WINBACK,day_30,2025-06-04,False,False,False
SEND-00069,ECOM-00137,TPL_DAY30_RESTOCK_TEASER,day_30,2026-01-23,True,False,False
SEND-00070,ECOM-00048,TPL_DAY30_WINBACK,day_30,2025-07-20,False,False,False
SEND-00071,ECOM-00190,TPL_DAY7_STYLING_TIPS,day_7,2026-03-07,False,False,False
SEND-00072,POS-00181,TPL_DAY7_THANKYOU,day_7,2025-11-09,False,False,False
SEND-00073,POS-00076,TPL_DAY7_STYLING_TIPS,day_7,2025-01-07,True,False,False
SEND-00074,ECOM-00102,TPL_DAY30_RESTOCK_TEASER,day_30,2025-04-09,False,False,False
SEND-00075,POS-00004,TPL_DAY30_RESTOCK_TEASER,day_30,2025-08-03,False,False,False
SEND-00076,POS-00410,TPL_DAY7_STYLING_TIPS,day_7,2025-12-13,False,False,False
SEND-00077,ECOM-00112,TPL_DAY30_RESTOCK_TEASER,day_30,2026-05-20,True,False,False
SEND-00078,POS-00138,TPL_DAY30_WINBACK,day_30,2026-05-27,True,False,False
SEND-00079,ECOM-00048,TPL_DAY30_WINBACK,day_30,2025-08-23,False,False,False
SEND-00080,POS-00075,TPL_DAY30_WINBACK,day_30,2025-11-13,False,False,False
SEND-00081,POS-00239,TPL_DAY30_RESTOCK_TEASER,day_30,2026-05-01,False,False,False
SEND-00082,ECOM-00124,TPL_DAY30_RESTOCK_TEASER,day_30,2025-09-30,False,False,False
SEND-00083,POS-00181,TPL_DAY7_THANKYOU,day_7,2025-03-14,False,False,False
SEND-00084,ECOM-00079,TPL_DAY30_RESTOCK_TEASER,day_30,2025-08-27,True,False,False
SEND-00085,POS-00108,TPL_DAY7_STYLING_TIPS,day_7,2025-11-18,False,False,False
SEND-00086,POS-00397,TPL_DAY7_THANKYOU,day_7,2026-05-22,True,False,False
SEND-00087,ECOM-00081,TPL_DAY7_THANKYOU,day_7,2026-05-26,True,False,False
SEND-00088,POS-00323,TPL_DAY30_WINBACK,day_30,2025-06-25,False,False,False
SEND-00089,POS-00025,TPL_DAY7_THANKYOU,day_7,2025-12-24,False,False,False
SEND-00090,POS-00134,TPL_DAY30_WINBACK,day_30,2025-04-21,False,False,False
SEND-00091,POS-00010,TPL_DAY30_WINBACK,day_30,2025-03-18,True,True,False
SEND-00092,ECOM-00011,TPL_DAY30_WINBACK,day_30,2026-02-16,False,False,False
SEND-00093,ECOM-00193,TPL_DAY7_THANKYOU,day_7,2025-08-14,False,False,True
SEND-00094,ECOM-00219,TPL_DAY7_THANKYOU,day_7,2025-04-09,True,False,False
SEND-00095,ECOM-00152,TPL_DAY7_THANKYOU,day_7,2026-02-07,False,False,False
SEND-00096,ECOM-00171,TPL_DAY7_THANKYOU,day_7,2026-04-27,False,False,False
SEND-00097,ECOM-00048,TPL_DAY7_STYLING_TIPS,day_7,2025-02-24,True,False,False
SEND-00098,ECOM-00126,TPL_DAY30_WINBACK,day_30,2025-08-03,False,False,False
SEND-00099,POS-00360,TPL_DAY7_THANKYOU,day_7,2026-02-21,False,False,False
SEND-00100,POS-00192,TPL_DAY7_STYLING_TIPS,day_7,2025-10-11,False,False,False
SEND-00101,POS-00387,TPL_DAY30_RESTOCK_TEASER,day_30,2025-03-23,True,False,False
SEND-00102,POS-00347,TPL_DAY7_THANKYOU,day_7,2026-02-15,False,False,True
SEND-00103,POS-00454,TPL_DAY7_THANKYOU,day_7,2025-07-31,True,True,False
SEND-00104,POS-00347,TPL_DAY30_RESTOCK_TEASER,day_30,2025-02-26,False,False,False
SEND-00105,POS-00228,TPL_DAY30_WINBACK,day_30,2026-01-11,False,False,False
SEND-00106,ECOM-00033,TPL_DAY7_THANKYOU,day_7,2026-06-06,False,False,False
SEND-00107,POS-00020,TPL_DAY30_WINBACK,day_30,2026-02-11,False,False,False
SEND-00108,POS-00146,TPL_DAY30_RESTOCK_TEASER,day_30,2025-11-19,False,False,False
SEND-00109,POS-00441,TPL_DAY30_WINBACK,day_30,2025-01-24,True,False,False
SEND-00110,POS-00231,TPL_DAY30_RESTOCK_TEASER,day_30,2025-10-30,False,False,False
SEND-00111,POS-00398,TPL_DAY30_RESTOCK_TEASER,day_30,2026-06-04,False,False,False
SEND-00112,POS-00109,TPL_DAY30_WINBACK,day_30,2025-12-28,True,False,False
SEND-00113,POS-00108,TPL_DAY30_WINBACK,day_30,2025-04-30,False,False,True
SEND-00114,ECOM-00039,TPL_DAY30_WINBACK,day_30,2025-06-20,False,False,False
SEND-00115,POS-00400,TPL_DAY30_RESTOCK_TEASER,day_30,2025-01-27,False,False,False
SEND-00116,POS-00288,TPL_DAY7_STYLING_TIPS,day_7,2026-06-17,False,False,False
SEND-00117,ECOM-00183,TPL_DAY30_WINBACK,day_30,2025-12-26,False,False,False
SEND-00118,POS-00436,TPL_DAY30_RESTOCK_TEASER,day_30,2025-05-31,False,False,False
SEND-00119,POS-00004,TPL_DAY7_STYLING_TIPS,day_7,2025-12-19,True,True,False
SEND-00120,POS-00233,TPL_DAY7_STYLING_TIPS,day_7,2025-10-31,False,False,False
SEND-00121,POS-00147,TPL_DAY30_RESTOCK_TEASER,day_30,2025-11-04,True,False,False
SEND-00122,POS-00346,TPL_DAY7_STYLING_TIPS,day_7,2025-01-21,False,False,False
SEND-00123,ECOM-00114,TPL_DAY30_WINBACK,day_30,2026-03-18,True,False,True
SEND-00124,ECOM-00137,TPL_DAY7_STYLING_TIPS,day_7,2025-09-23,True,False,False
SEND-00125,POS-00139,TPL_DAY30_WINBACK,day_30,2025-04-11,False,False,False
SEND-00126,POS-00039,TPL_DAY30_WINBACK,day_30,2025-09-30,False,False,False
SEND-00127,POS-00332,TPL_DAY7_THANKYOU,day_7,2025-02-17,True,False,False
SEND-00128,POS-00155,TPL_DAY30_RESTOCK_TEASER,day_30,2026-03-20,True,False,False
SEND-00129,POS-00014,TPL_DAY7_STYLING_TIPS,day_7,2025-03-29,True,False,False
SEND-00130,POS-00193,TPL_DAY7_THANKYOU,day_7,2025-07-16,False,False,False
SEND-00131,ECOM-00100,TPL_DAY7_STYLING_TIPS,day_7,2025-02-07,True,True,False
SEND-00132,POS-00099,TPL_DAY7_STYLING_TIPS,day_7,2025-10-07,False,False,False
SEND-00133,ECOM-00108,TPL_DAY7_THANKYOU,day_7,2025-08-10,False,False,False
SEND-00134,ECOM-00166,TPL_DAY30_WINBACK,day_30,2025-06-22,True,False,False
SEND-00135,ECOM-00140,TPL_DAY7_STYLING_TIPS,day_7,2025-03-09,False,False,False
SEND-00136,POS-00392,TPL_DAY7_STYLING_TIPS,day_7,2026-05-12,False,False,False
SEND-00137,POS-00386,TPL_DAY7_STYLING_TIPS,day_7,2025-02-23,False,False,False
SEND-00138,ECOM-00109,TPL_DAY7_STYLING_TIPS,day_7,2025-11-15,True,False,False
SEND-00139,POS-00254,TPL_DAY30_WINBACK,day_30,2025-06-29,False,False,False
SEND-00140,ECOM-00067,TPL_DAY7_THANKYOU,day_7,2025-04-25,True,False,False
SEND-00141,POS-00257,TPL_DAY7_THANKYOU,day_7,2025-07-15,True,False,True
SEND-00142,ECOM-00095,TPL_DAY30_RESTOCK_TEASER,day_30,2025-05-11,False,False,False
SEND-00143,ECOM-00117,TPL_DAY30_WINBACK,day_30,2025-08-04,False,False,False
SEND-00144,ECOM-00160,TPL_DAY30_WINBACK,day_30,2025-01-21,False,False,False
SEND-00145,POS-00444,TPL_DAY30_WINBACK,day_30,2025-03-01,False,False,False
SEND-00146,POS-00233,TPL_DAY30_RESTOCK_TEASER,day_30,2026-04-26,True,False,False
SEND-00147,POS-00412,TPL_DAY30_WINBACK,day_30,2025-01-23,False,False,False
SEND-00148,POS-00337,TPL_DAY7_STYLING_TIPS,day_7,2025-02-10,False,False,False
SEND-00149,ECOM-00157,TPL_DAY7_STYLING_TIPS,day_7,2025-10-17,True,False,False
SEND-00150,POS-00026,TPL_DAY30_WINBACK,day_30,2026-04-16,False,False,False
SEND-00151,POS-00445,TPL_DAY30_RESTOCK_TEASER,day_30,2025-11-27,True,False,False
SEND-00152,POS-00382,TPL_DAY7_STYLING_TIPS,day_7,2026-04-23,False,False,False
SEND-00153,ECOM-00180,TPL_DAY7_STYLING_TIPS,day_7,2026-05-08,True,False,False
SEND-00154,POS-00224,TPL_DAY7_STYLING_TIPS,day_7,2025-02-18,False,False,False
SEND-00155,POS-00196,TPL_DAY30_WINBACK,day_30,2025-12-06,False,False,False
SEND-00156,POS-00419,TPL_DAY7_STYLING_TIPS,day_7,2025-10-04,False,False,False
SEND-00157,POS-00065,TPL_DAY30_RESTOCK_TEASER,day_30,2025-08-30,True,False,False
SEND-00158,POS-00154,TPL_DAY30_RESTOCK_TEASER,day_30,2025-04-03,False,False,False
SEND-00159,ECOM-00197,TPL_DAY30_RESTOCK_TEASER,day_30,2025-04-04,True,False,False
SEND-00160,ECOM-00138,TPL_DAY7_THANKYOU,day_7,2026-03-20,True,False,False
SEND-00161,POS-00247,TPL_DAY7_THANKYOU,day_7,2025-03-15,False,False,False
SEND-00162,POS-00224,TPL_DAY30_RESTOCK_TEASER,day_30,2026-05-14,True,True,False
SEND-00163,POS-00123,TPL_DAY30_WINBACK,day_30,2025-10-26,False,False,False
SEND-00164,ECOM-00013,TPL_DAY7_THANKYOU,day_7,2026-05-14,True,False,False
SEND-00165,POS-00235,TPL_DAY30_RESTOCK_TEASER,day_30,2025-12-29,True,False,False
SEND-00166,POS-00428,TPL_DAY30_RESTOCK_TEASER,day_30,2025-03-12,False,False,False
SEND-00167,ECOM-00208,TPL_DAY7_STYLING_TIPS,day_7,2025-07-05,False,False,False
SEND-00168,POS-00415,TPL_DAY7_STYLING_TIPS,day_7,2026-06-25,False,False,True
SEND-00169,ECOM-00159,TPL_DAY7_THANKYOU,day_7,2026-05-06,True,False,False
SEND-00170,ECOM-00060,TPL_DAY30_WINBACK,day_30,2025-01-16,False,False,False
SEND-00171,ECOM-00072,TPL_DAY30_WINBACK,day_30,2025-10-03,False,False,False
SEND-00172,POS-00071,TPL_DAY30_WINBACK,day_30,2025-10-21,False,False,False
SEND-00173,POS-00292,TPL_DAY30_WINBACK,day_30,2026-03-24,False,False,False
SEND-00174,POS-00068,TPL_DAY30_RESTOCK_TEASER,day_30,2026-04-19,False,False,False
SEND-00175,POS-00223,TPL_DAY30_RESTOCK_TEASER,day_30,2025-07-24,False,False,False
SEND-00176,POS-00096,TPL_DAY30_WINBACK,day_30,2025-06-10,False,False,False
SEND-00177,ECOM-00144,TPL_DAY30_WINBACK,day_30,2026-06-27,True,True,False
SEND-00178,POS-00236,TPL_DAY7_THANKYOU,day_7,2026-05-22,False,False,False
SEND-00179,POS-00423,TPL_DAY7_THANKYOU,day_7,2026-02-26,False,False,False
SEND-00180,ECOM-00109,TPL_DAY30_WINBACK,day_30,2026-05-07,False,False,False
SEND-00181,ECOM-00205,TPL_DAY7_THANKYOU,day_7,2025-04-21,False,False,False
SEND-00182,ECOM-00112,TPL_DAY7_STYLING_TIPS,day_7,2025-07-14,False,False,False
SEND-00183,POS-00374,TPL_DAY30_WINBACK,day_30,2026-05-19,True,False,False
SEND-00184,POS-00065,TPL_DAY7_THANKYOU,day_7,2026-05-05,True,False,False
SEND-00185,ECOM-00074,TPL_DAY30_WINBACK,day_30,2025-01-20,True,False,False
SEND-00186,ECOM-00024,TPL_DAY7_STYLING_TIPS,day_7,2025-12-18,False,False,False
SEND-00187,POS-00032,TPL_DAY7_THANKYOU,day_7,2025-07-02,False,False,False
SEND-00188,ECOM-00084,TPL_DAY30_WINBACK,day_30,2025-12-08,False,False,False
SEND-00189,ECOM-00190,TPL_DAY30_WINBACK,day_30,2025-07-13,False,False,False
SEND-00190,POS-00459,TPL_DAY30_WINBACK,day_30,2025-11-26,True,False,False
SEND-00191,POS-00251,TPL_DAY30_RESTOCK_TEASER,day_30,2025-09-11,False,False,False
SEND-00192,POS-00179,TPL_DAY7_THANKYOU,day_7,2026-03-06,False,False,False
SEND-00193,POS-00102,TPL_DAY30_WINBACK,day_30,2025-06-18,False,False,False
SEND-00194,POS-00237,TPL_DAY30_RESTOCK_TEASER,day_30,2025-10-19,False,False,True
SEND-00195,POS-00395,TPL_DAY30_WINBACK,day_30,2025-01-06,True,False,False
SEND-00196,POS-00262,TPL_DAY7_THANKYOU,day_7,2025-06-17,False,False,False
SEND-00197,POS-00039,TPL_DAY30_WINBACK,day_30,2026-04-08,False,False,False
SEND-00198,POS-00315,TPL_DAY30_RESTOCK_TEASER,day_30,2026-03-17,True,False,False
SEND-00199,POS-00072,TPL_DAY30_WINBACK,day_30,2026-04-13,False,False,False
SEND-00200,ECOM-00011,TPL_DAY30_WINBACK,day_30,2025-07-17,False,False,False
SEND-00201,ECOM-00166,TPL_DAY30_RESTOCK_TEASER,day_30,2026-02-27,False,False,False
SEND-00202,ECOM-00111,TPL_DAY30_WINBACK,day_30,2025-10-31,False,False,False
SEND-00203,POS-00077,TPL_DAY30_RESTOCK_TEASER,day_30,2026-03-07,False,False,False
SEND-00204,POS-00415,TPL_DAY30_WINBACK,day_30,2026-01-21,False,False,False
SEND-00205,POS-00427,TPL_DAY30_RESTOCK_TEASER,day_30,2026-04-14,False,False,False
SEND-00206,ECOM-00034,TPL_DAY30_RESTOCK_TEASER,day_30,2025-10-16,False,False,False
SEND-00207,POS-00348,TPL_DAY30_RESTOCK_TEASER,day_30,2026-06-15,True,False,False
SEND-00208,POS-00197,TPL_DAY7_STYLING_TIPS,day_7,2025-06-25,False,False,False
SEND-00209,POS-00195,TPL_DAY30_RESTOCK_TEASER,day_30,2025-01-10,True,False,False
SEND-00210,POS-00187,TPL_DAY7_STYLING_TIPS,day_7,2025-05-09,False,False,False
SEND-00211,ECOM-00031,TPL_DAY30_WINBACK,day_30,2025-03-20,False,False,False
SEND-00212,POS-00408,TPL_DAY30_WINBACK,day_30,2026-03-02,False,False,False
SEND-00213,POS-00214,TPL_DAY30_RESTOCK_TEASER,day_30,2025-02-06,True,False,False
SEND-00214,POS-00312,TPL_DAY7_STYLING_TIPS,day_7,2025-01-15,True,False,False
SEND-00215,ECOM-00065,TPL_DAY30_RESTOCK_TEASER,day_30,2025-04-20,True,False,False
SEND-00216,ECOM-00170,TPL_DAY30_RESTOCK_TEASER,day_30,2026-05-28,False,False,True
SEND-00217,ECOM-00055,TPL_DAY7_THANKYOU,day_7,2025-11-13,False,False,False
SEND-00218,POS-00034,TPL_DAY7_STYLING_TIPS,day_7,2025-07-10,False,False,False
SEND-00219,POS-00368,TPL_DAY30_WINBACK,day_30,2026-04-10,False,False,False
SEND-00220,POS-00374,TPL_DAY7_STYLING_TIPS,day_7,2025-03-19,True,False,False
SEND-00221,POS-00012,TPL_DAY30_RESTOCK_TEASER,day_30,2025-12-21,False,False,False
SEND-00222,POS-00404,TPL_DAY7_STYLING_TIPS,day_7,2026-06-25,False,False,False
SEND-00223,ECOM-00181,TPL_DAY30_RESTOCK_TEASER,day_30,2025-02-04,True,False,True
SEND-00224,POS-00442,TPL_DAY30_WINBACK,day_30,2025-03-15,False,False,False
SEND-00225,ECOM-00216,TPL_DAY7_THANKYOU,day_7,2025-06-23,False,False,False
SEND-00226,POS-00301,TPL_DAY7_STYLING_TIPS,day_7,2025-04-09,False,False,False
SEND-00227,ECOM-00063,TPL_DAY7_THANKYOU,day_7,2026-02-06,True,False,False
SEND-00228,ECOM-00175,TPL_DAY30_RESTOCK_TEASER,day_30,2026-01-11,False,False,False
SEND-00229,POS-00270,TPL_DAY7_THANKYOU,day_7,2025-07-09,False,False,False
SEND-00230,POS-00428,TPL_DAY7_THANKYOU,day_7,2025-11-19,True,False,False
SEND-00231,ECOM-00163,TPL_DAY30_RESTOCK_TEASER,day_30,2025-02-26,False,False,False
SEND-00232,ECOM-00100,TPL_DAY30_WINBACK,day_30,2026-06-19,False,False,False
SEND-00233,ECOM-00110,TPL_DAY7_THANKYOU,day_7,2025-08-22,True,True,False
SEND-00234,POS-00314,TPL_DAY30_RESTOCK_TEASER,day_30,2025-05-09,True,False,False
SEND-00235,ECOM-00118,TPL_DAY30_RESTOCK_TEASER,day_30,2025-06-16,False,False,False
SEND-00236,ECOM-00211,TPL_DAY30_WINBACK,day_30,2025-10-31,False,False,False
SEND-00237,POS-00302,TPL_DAY7_THANKYOU,day_7,2025-07-27,False,False,False
SEND-00238,POS-00282,TPL_DAY30_RESTOCK_TEASER,day_30,2025-02-06,True,False,False
SEND-00239,POS-00042,TPL_DAY30_RESTOCK_TEASER,day_30,2026-05-17,False,False,False
SEND-00240,POS-00135,TPL_DAY30_WINBACK,day_30,2026-03-11,False,False,False
SEND-00241,POS-00357,TPL_DAY7_THANKYOU,day_7,2026-01-20,False,False,False
SEND-00242,POS-00112,TPL_DAY30_WINBACK,day_30,2026-05-15,True,False,False
SEND-00243,POS-00389,TPL_DAY30_RESTOCK_TEASER,day_30,2025-07-31,False,False,False
SEND-00244,POS-00132,TPL_DAY30_WINBACK,day_30,2026-04-30,True,False,False
SEND-00245,POS-00082,TPL_DAY30_RESTOCK_TEASER,day_30,2025-05-07,True,False,False
SEND-00246,POS-00136,TPL_DAY7_STYLING_TIPS,day_7,2025-10-17,True,False,False
SEND-00247,POS-00306,TPL_DAY7_THANKYOU,day_7,2026-02-23,False,False,False
SEND-00248,ECOM-00126,TPL_DAY7_THANKYOU,day_7,2026-06-23,True,False,False
SEND-00249,POS-00437,TPL_DAY30_RESTOCK_TEASER,day_30,2026-05-11,False,False,True
SEND-00250,ECOM-00071,TPL_DAY7_THANKYOU,day_7,2025-09-08,False,False,False
SEND-00251,POS-00332,TPL_DAY30_RESTOCK_TEASER,day_30,2025-10-31,False,False,False
SEND-00252,POS-00267,TPL_DAY30_WINBACK,day_30,2026-01-11,False,False,False
SEND-00253,POS-00308,TPL_DAY7_THANKYOU,day_7,2025-03-09,False,False,False
SEND-00254,ECOM-00157,TPL_DAY7_STYLING_TIPS,day_7,2026-05-07,False,False,False
SEND-00255,POS-00284,TPL_DAY30_RESTOCK_TEASER,day_30,2025-05-12,True,False,False
SEND-00256,POS-00259,TPL_DAY7_THANKYOU,day_7,2025-02-06,True,False,False
SEND-00257,POS-00234,TPL_DAY7_THANKYOU,day_7,2026-01-22,False,False,True
SEND-00258,ECOM-00088,TPL_DAY30_RESTOCK_TEASER,day_30,2025-04-24,True,False,False
SEND-00259,POS-00196,TPL_DAY30_WINBACK,day_30,2025-07-02,False,False,False
SEND-00260,POS-00331,TPL_DAY7_STYLING_TIPS,day_7,2026-05-10,False,False,False
SEND-00261,POS-00312,TPL_DAY30_RESTOCK_TEASER,day_30,2026-05-11,False,False,False
SEND-00262,ECOM-00034,TPL_DAY7_STYLING_TIPS,day_7,2026-06-30,True,False,False
SEND-00263,POS-00422,TPL_DAY7_THANKYOU,day_7,2026-02-11,False,False,False
SEND-00264,POS-00213,TPL_DAY30_WINBACK,day_30,2026-03-01,True,False,False
SEND-00265,POS-00133,TPL_DAY7_STYLING_TIPS,day_7,2026-01-16,True,False,False
SEND-00266,POS-00284,TPL_DAY30_RESTOCK_TEASER,day_30,2025-10-08,True,False,False
SEND-00267,POS-00255,TPL_DAY30_RESTOCK_TEASER,day_30,2026-01-30,True,False,False
SEND-00268,POS-00175,TPL_DAY7_THANKYOU,day_7,2026-07-03,False,False,False
SEND-00269,ECOM-00171,TPL_DAY7_STYLING_TIPS,day_7,2025-01-15,False,False,False
SEND-00270,POS-00025,TPL_DAY30_WINBACK,day_30,2026-02-04,False,False,False
SEND-00271,POS-00330,TPL_DAY7_STYLING_TIPS,day_7,2026-03-10,False,False,False
SEND-00272,ECOM-00154,TPL_DAY7_THANKYOU,day_7,2025-07-17,False,False,False
SEND-00273,POS-00092,TPL_DAY30_RESTOCK_TEASER,day_30,2025-05-11,True,False,False
SEND-00274,POS-00321,TPL_DAY30_RESTOCK_TEASER,day_30,2025-06-03,False,False,False
SEND-00275,ECOM-00014,TPL_DAY7_STYLING_TIPS,day_7,2025-07-03,False,False,False
SEND-00276,ECOM-00032,TPL_DAY7_THANKYOU,day_7,2025-12-08,False,False,False
SEND-00277,POS-00447,TPL_DAY30_RESTOCK_TEASER,day_30,2025-10-07,False,False,True
SEND-00278,POS-00263,TPL_DAY30_RESTOCK_TEASER,day_30,2026-03-06,False,False,False
SEND-00279,ECOM-00225,TPL_DAY30_RESTOCK_TEASER,day_30,2025-08-12,True,False,False
SEND-00280,POS-00080,TPL_DAY30_WINBACK,day_30,2026-05-19,False,False,False
SEND-00281,POS-00252,TPL_DAY30_RESTOCK_TEASER,day_30,2025-09-24,False,False,False
SEND-00282,ECOM-00190,TPL_DAY30_RESTOCK_TEASER,day_30,2025-10-21,False,False,False
SEND-00283,POS-00440,TPL_DAY30_WINBACK,day_30,2025-08-19,False,False,False
SEND-00284,ECOM-00095,TPL_DAY7_STYLING_TIPS,day_7,2025-09-29,False,False,False
SEND-00285,POS-00310,TPL_DAY30_WINBACK,day_30,2026-06-15,False,False,False
SEND-00286,ECOM-00173,TPL_DAY7_THANKYOU,day_7,2025-12-13,False,False,False
SEND-00287,POS-00218,TPL_DAY7_STYLING_TIPS,day_7,2026-03-22,False,False,False
SEND-00288,POS-00129,TPL_DAY30_RESTOCK_TEASER,day_30,2026-05-29,False,False,False
SEND-00289,ECOM-00064,TPL_DAY7_THANKYOU,day_7,2025-10-23,False,False,False
SEND-00290,ECOM-00006,TPL_DAY30_WINBACK,day_30,2026-04-25,True,False,False
SEND-00291,POS-00280,TPL_DAY30_RESTOCK_TEASER,day_30,2025-05-27,True,False,False
SEND-00292,POS-00267,TPL_DAY7_STYLING_TIPS,day_7,2025-10-08,False,False,False
SEND-00293,POS-00428,TPL_DAY30_WINBACK,day_30,2026-03-23,True,False,True
SEND-00294,POS-00112,TPL_DAY7_STYLING_TIPS,day_7,2026-04-01,False,False,False
SEND-00295,POS-00160,TPL_DAY7_THANKYOU,day_7,2025-11-18,True,False,False
SEND-00296,POS-00234,TPL_DAY30_RESTOCK_TEASER,day_30,2025-01-22,True,False,False
SEND-00297,POS-00329,TPL_DAY7_THANKYOU,day_7,2025-08-09,True,False,False
SEND-00298,POS-00111,TPL_DAY30_WINBACK,day_30,2025-09-11,False,False,False
SEND-00299,POS-00016,TPL_DAY30_RESTOCK_TEASER,day_30,2025-02-13,False,False,False
SEND-00300,POS-00246,TPL_DAY30_WINBACK,day_30,2025-06-17,False,False,False
SEND-00301,POS-00398,TPL_DAY7_STYLING_TIPS,day_7,2026-01-17,False,False,False
SEND-00302,POS-00355,TPL_DAY30_RESTOCK_TEASER,day_30,2025-11-10,False,False,False
SEND-00303,ECOM-00162,TPL_DAY30_RESTOCK_TEASER,day_30,2026-04-04,False,False,False
SEND-00304,ECOM-00100,TPL_DAY30_WINBACK,day_30,2025-10-29,False,False,False
SEND-00305,POS-00213,TPL_DAY7_STYLING_TIPS,day_7,2026-04-06,True,False,False
SEND-00306,ECOM-00101,TPL_DAY7_THANKYOU,day_7,2025-01-21,False,False,False
SEND-00307,ECOM-00120,TPL_DAY7_THANKYOU,day_7,2025-09-11,False,False,False
SEND-00308,ECOM-00159,TPL_DAY7_THANKYOU,day_7,2026-03-24,True,False,False
SEND-00309,POS-00371,TPL_DAY30_RESTOCK_TEASER,day_30,2025-01-24,False,False,False
SEND-00310,ECOM-00002,TPL_DAY30_RESTOCK_TEASER,day_30,2025-11-29,False,False,False
SEND-00311,POS-00387,TPL_DAY30_WINBACK,day_30,2026-04-09,False,False,False
SEND-00312,POS-00102,TPL_DAY30_RESTOCK_TEASER,day_30,2025-12-08,False,False,False
SEND-00313,POS-00055,TPL_DAY30_WINBACK,day_30,2025-12-21,False,False,False
SEND-00314,ECOM-00219,TPL_DAY30_WINBACK,day_30,2025-02-23,True,False,False
SEND-00315,ECOM-00014,TPL_DAY30_WINBACK,day_30,2025-09-28,False,False,False
SEND-00316,ECOM-00086,TPL_DAY7_STYLING_TIPS,day_7,2025-09-24,True,False,False
SEND-00317,POS-00276,TPL_DAY7_STYLING_TIPS,day_7,2025-01-06,True,False,False
SEND-00318,POS-00124,TPL_DAY7_THANKYOU,day_7,2026-05-21,False,False,False
SEND-00319,POS-00185,TPL_DAY30_WINBACK,day_30,2025-09-21,False,False,False
SEND-00320,POS-00129,TPL_DAY30_WINBACK,day_30,2026-02-11,False,False,False
SEND-00321,POS-00426,TPL_DAY30_RESTOCK_TEASER,day_30,2026-05-21,False,False,False
SEND-00322,ECOM-00127,TPL_DAY7_THANKYOU,day_7,2025-05-24,False,False,False
SEND-00323,POS-00026,TPL_DAY30_WINBACK,day_30,2025-07-22,False,False,False
SEND-00324,POS-00012,TPL_DAY30_WINBACK,day_30,2026-06-27,False,False,False
SEND-00325,POS-00227,TPL_DAY7_STYLING_TIPS,day_7,2026-05-25,True,False,False
SEND-00326,POS-00303,TPL_DAY7_STYLING_TIPS,day_7,2025-10-07,False,False,False
SEND-00327,POS-00216,TPL_DAY30_RESTOCK_TEASER,day_30,2025-09-03,True,False,False
SEND-00328,POS-00099,TPL_DAY7_THANKYOU,day_7,2025-09-21,True,False,False
SEND-00329,POS-00288,TPL_DAY30_WINBACK,day_30,2025-03-09,False,False,False
SEND-00330,POS-00441,TPL_DAY30_WINBACK,day_30,2026-07-04,False,False,False
SEND-00331,ECOM-00174,TPL_DAY7_STYLING_TIPS,day_7,2025-06-19,True,False,False
SEND-00332,ECOM-00163,TPL_DAY7_STYLING_TIPS,day_7,2026-07-05,False,False,False
SEND-00333,POS-00048,TPL_DAY30_WINBACK,day_30,2026-02-10,False,False,False
SEND-00334,POS-00278,TPL_DAY30_RESTOCK_TEASER,day_30,2026-01-20,False,False,False
SEND-00335,ECOM-00006,TPL_DAY30_RESTOCK_TEASER,day_30,2025-08-24,False,False,False
SEND-00336,POS-00409,TPL_DAY30_RESTOCK_TEASER,day_30,2025-10-19,False,False,False
SEND-00337,ECOM-00041,TPL_DAY30_WINBACK,day_30,2025-08-16,False,False,True
SEND-00338,ECOM-00035,TPL_DAY30_RESTOCK_TEASER,day_30,2025-01-10,True,False,False
SEND-00339,POS-00296,TPL_DAY7_THANKYOU,day_7,2025-07-03,True,False,True
SEND-00340,POS-00027,TPL_DAY30_WINBACK,day_30,2026-04-30,True,False,False
SEND-00341,POS-00358,TPL_DAY7_STYLING_TIPS,day_7,2026-03-26,False,False,False
SEND-00342,POS-00298,TPL_DAY30_WINBACK,day_30,2025-05-28,False,False,False
SEND-00343,POS-00350,TPL_DAY7_STYLING_TIPS,day_7,2025-08-01,False,False,False
SEND-00344,POS-00054,TPL_DAY7_STYLING_TIPS,day_7,2025-07-04,False,False,False
SEND-00345,POS-00398,TPL_DAY30_WINBACK,day_30,2025-03-01,False,False,False
SEND-00346,POS-00265,TPL_DAY30_WINBACK,day_30,2026-03-21,False,False,False
SEND-00347,POS-00081,TPL_DAY7_STYLING_TIPS,day_7,2025-08-31,False,False,False
SEND-00348,POS-00062,TPL_DAY7_STYLING_TIPS,day_7,2026-05-16,False,False,False
SEND-00349,POS-00130,TPL_DAY7_THANKYOU,day_7,2026-06-18,False,False,False
SEND-00350,POS-00109,TPL_DAY7_THANKYOU,day_7,2026-04-15,False,False,False
SEND-00351,POS-00426,TPL_DAY30_WINBACK,day_30,2025-12-13,False,False,False
SEND-00352,POS-00156,TPL_DAY30_RESTOCK_TEASER,day_30,2025-01-18,True,False,False
SEND-00353,ECOM-00003,TPL_DAY30_RESTOCK_TEASER,day_30,2026-03-25,False,False,False
SEND-00354,POS-00281,TPL_DAY7_STYLING_TIPS,day_7,2025-11-20,True,False,False
SEND-00355,POS-00438,TPL_DAY30_RESTOCK_TEASER,day_30,2025-12-23,True,False,False
SEND-00356,POS-00177,TPL_DAY7_STYLING_TIPS,day_7,2026-05-24,False,False,False
SEND-00357,ECOM-00034,TPL_DAY30_WINBACK,day_30,2025-04-06,False,False,False
SEND-00358,POS-00398,TPL_DAY30_RESTOCK_TEASER,day_30,2025-09-18,True,False,False
SEND-00359,ECOM-00213,TPL_DAY30_WINBACK,day_30,2026-01-02,True,False,True
SEND-00360,ECOM-00202,TPL_DAY30_RESTOCK_TEASER,day_30,2025-12-31,False,False,False
SEND-00361,ECOM-00200,TPL_DAY30_WINBACK,day_30,2025-08-21,False,False,False
SEND-00362,POS-00145,TPL_DAY7_STYLING_TIPS,day_7,2025-12-16,False,False,False
SEND-00363,ECOM-00146,TPL_DAY7_THANKYOU,day_7,2025-12-24,False,False,False
SEND-00364,ECOM-00185,TPL_DAY30_WINBACK,day_30,2025-10-31,False,False,False
SEND-00365,POS-00094,TPL_DAY7_THANKYOU,day_7,2026-06-11,False,False,False
SEND-00366,POS-00090,TPL_DAY7_STYLING_TIPS,day_7,2025-07-22,False,False,False
SEND-00367,POS-00028,TPL_DAY30_WINBACK,day_30,2026-06-24,False,False,False
SEND-00368,POS-00221,TPL_DAY7_THANKYOU,day_7,2025-12-01,True,False,False
SEND-00369,POS-00446,TPL_DAY30_RESTOCK_TEASER,day_30,2025-09-17,False,False,False
SEND-00370,POS-00292,TPL_DAY30_RESTOCK_TEASER,day_30,2026-03-16,False,False,False
SEND-00371,ECOM-00015,TPL_DAY7_THANKYOU,day_7,2025-10-30,False,False,False
SEND-00372,POS-00248,TPL_DAY7_STYLING_TIPS,day_7,2025-07-30,True,False,False
SEND-00373,POS-00144,TPL_DAY7_THANKYOU,day_7,2025-01-30,False,False,False
SEND-00374,ECOM-00159,TPL_DAY30_WINBACK,day_30,2026-03-12,False,False,False
SEND-00375,POS-00173,TPL_DAY30_WINBACK,day_30,2026-06-28,False,False,False
SEND-00376,POS-00159,TPL_DAY7_STYLING_TIPS,day_7,2025-04-20,False,False,False
SEND-00377,POS-00192,TPL_DAY7_THANKYOU,day_7,2026-04-27,True,False,False
SEND-00378,POS-00403,TPL_DAY30_WINBACK,day_30,2026-04-03,True,False,False
SEND-00379,POS-00259,TPL_DAY7_STYLING_TIPS,day_7,2025-05-18,False,False,False
SEND-00380,POS-00311,TPL_DAY7_STYLING_TIPS,day_7,2025-05-03,False,False,False
SEND-00381,POS-00423,TPL_DAY30_WINBACK,day_30,2025-04-22,False,False,False
SEND-00382,POS-00254,TPL_DAY7_THANKYOU,day_7,2025-09-29,False,False,False
SEND-00383,ECOM-00198,TPL_DAY30_RESTOCK_TEASER,day_30,2026-04-01,True,True,False
SEND-00384,POS-00267,TPL_DAY30_WINBACK,day_30,2026-04-21,False,False,False
SEND-00385,ECOM-00071,TPL_DAY7_THANKYOU,day_7,2025-07-08,False,False,False
SEND-00386,ECOM-00008,TPL_DAY7_STYLING_TIPS,day_7,2025-12-30,False,False,False
SEND-00387,ECOM-00162,TPL_DAY7_THANKYOU,day_7,2025-05-16,False,False,False
SEND-00388,POS-00263,TPL_DAY7_STYLING_TIPS,day_7,2025-05-07,False,False,False
SEND-00389,POS-00397,TPL_DAY30_WINBACK,day_30,2025-11-18,False,False,False
SEND-00390,POS-00111,TPL_DAY30_RESTOCK_TEASER,day_30,2025-04-21,True,False,False
SEND-00391,ECOM-00201,TPL_DAY30_WINBACK,day_30,2026-04-24,True,False,False
SEND-00392,POS-00228,TPL_DAY30_WINBACK,day_30,2026-06-08,False,False,False
SEND-00393,ECOM-00208,TPL_DAY7_STYLING_TIPS,day_7,2025-01-14,False,False,False
SEND-00394,POS-00102,TPL_DAY7_STYLING_TIPS,day_7,2025-04-23,True,False,False
SEND-00395,POS-00330,TPL_DAY7_STYLING_TIPS,day_7,2025-04-14,True,False,True
SEND-00396,ECOM-00002,TPL_DAY7_STYLING_TIPS,day_7,2025-01-20,False,False,False
SEND-00397,ECOM-00079,TPL_DAY7_THANKYOU,day_7,2025-06-18,True,False,False
SEND-00398,POS-00171,TPL_DAY30_WINBACK,day_30,2025-04-15,False,False,False
SEND-00399,ECOM-00160,TPL_DAY30_RESTOCK_TEASER,day_30,2025-09-13,True,False,False
SEND-00400,ECOM-00016,TPL_DAY7_STYLING_TIPS,day_7,2026-04-14,True,False,False
SEND-00401,POS-00133,TPL_DAY30_WINBACK,day_30,2025-07-07,True,False,False
SEND-00402,POS-00424,TPL_DAY7_THANKYOU,day_7,2025-02-01,False,False,False
SEND-00403,POS-00124,TPL_DAY30_WINBACK,day_30,2025-07-24,True,False,True
SEND-00404,ECOM-00008,TPL_DAY30_RESTOCK_TEASER,day_30,2025-06-19,False,False,False
SEND-00405,ECOM-00212,TPL_DAY30_WINBACK,day_30,2026-04-16,True,False,False
SEND-00406,POS-00073,TPL_DAY7_THANKYOU,day_7,2025-06-29,False,False,False
SEND-00407,POS-00171,TPL_DAY7_STYLING_TIPS,day_7,2025-06-26,False,False,False
SEND-00408,POS-00116,TPL_DAY7_THANKYOU,day_7,2025-03-16,False,False,False
SEND-00409,ECOM-00133,TPL_DAY30_WINBACK,day_30,2025-05-15,False,False,False
SEND-00410,ECOM-00006,TPL_DAY30_WINBACK,day_30,2025-11-17,False,False,False
SEND-00411,POS-00159,TPL_DAY30_RESTOCK_TEASER,day_30,2025-11-15,True,False,False
SEND-00412,ECOM-00138,TPL_DAY7_STYLING_TIPS,day_7,2026-05-20,True,False,False
SEND-00413,ECOM-00201,TPL_DAY30_RESTOCK_TEASER,day_30,2025-05-30,False,False,False
SEND-00414,POS-00236,TPL_DAY30_RESTOCK_TEASER,day_30,2025-12-28,False,False,False
SEND-00415,ECOM-00007,TPL_DAY30_WINBACK,day_30,2025-10-01,False,False,False
SEND-00416,POS-00410,TPL_DAY30_WINBACK,day_30,2025-02-02,False,False,False
SEND-00417,POS-00359,TPL_DAY7_STYLING_TIPS,day_7,2025-06-08,False,False,True
SEND-00418,ECOM-00142,TPL_DAY7_STYLING_TIPS,day_7,2025-03-05,False,False,False
SEND-00419,ECOM-00165,TPL_DAY7_STYLING_TIPS,day_7,2025-06-15,False,False,False
SEND-00420,ECOM-00208,TPL_DAY7_STYLING_TIPS,day_7,2025-04-14,False,False,False
SEND-00421,POS-00282,TPL_DAY7_STYLING_TIPS,day_7,2025-03-19,False,False,False
SEND-00422,ECOM-00116,TPL_DAY30_WINBACK,day_30,2025-10-19,False,False,False
SEND-00423,POS-00346,TPL_DAY30_RESTOCK_TEASER,day_30,2025-09-26,False,False,False
SEND-00424,POS-00044,TPL_DAY30_WINBACK,day_30,2026-06-19,False,False,False
SEND-00425,POS-00408,TPL_DAY7_THANKYOU,day_7,2025-07-14,False,False,False
SEND-00426,POS-00022,TPL_DAY30_WINBACK,day_30,2025-03-29,False,False,False
SEND-00427,ECOM-00124,TPL_DAY30_RESTOCK_TEASER,day_30,2025-12-01,False,False,False
SEND-00428,POS-00458,TPL_DAY7_THANKYOU,day_7,2025-12-10,False,False,False
SEND-00429,POS-00353,TPL_DAY30_RESTOCK_TEASER,day_30,2025-01-31,False,False,False
SEND-00430,ECOM-00101,TPL_DAY7_THANKYOU,day_7,2025-04-29,True,False,False
SEND-00431,POS-00131,TPL_DAY30_RESTOCK_TEASER,day_30,2025-07-16,False,False,False
SEND-00432,POS-00301,TPL_DAY30_RESTOCK_TEASER,day_30,2025-01-10,False,False,False
SEND-00433,POS-00139,TPL_DAY30_RESTOCK_TEASER,day_30,2026-04-10,True,False,False
SEND-00434,POS-00143,TPL_DAY7_STYLING_TIPS,day_7,2026-01-09,False,False,False
SEND-00435,ECOM-00025,TPL_DAY30_WINBACK,day_30,2026-05-17,False,False,False
SEND-00436,POS-00296,TPL_DAY30_WINBACK,day_30,2026-07-04,False,False,False
SEND-00437,POS-00218,TPL_DAY7_THANKYOU,day_7,2025-04-12,False,False,False
SEND-00438,POS-00059,TPL_DAY7_STYLING_TIPS,day_7,2025-03-29,True,False,False
SEND-00439,ECOM-00058,TPL_DAY7_STYLING_TIPS,day_7,2025-06-12,False,False,False
SEND-00440,POS-00161,TPL_DAY7_STYLING_TIPS,day_7,2025-12-24,False,False,False
SEND-00441,ECOM-00008,TPL_DAY7_STYLING_TIPS,day_7,2025-07-16,False,False,False
SEND-00442,ECOM-00054,TPL_DAY30_RESTOCK_TEASER,day_30,2026-01-06,False,False,False
SEND-00443,POS-00356,TPL_DAY7_STYLING_TIPS,day_7,2026-01-09,False,False,False
SEND-00444,POS-00026,TPL_DAY30_RESTOCK_TEASER,day_30,2026-06-02,False,False,False
SEND-00445,ECOM-00029,TPL_DAY30_RESTOCK_TEASER,day_30,2025-08-23,True,False,False
SEND-00446,POS-00047,TPL_DAY7_THANKYOU,day_7,2025-10-04,False,False,False
SEND-00447,POS-00349,TPL_DAY30_WINBACK,day_30,2025-10-04,True,False,False
SEND-00448,ECOM-00191,TPL_DAY30_RESTOCK_TEASER,day_30,2025-11-20,True,True,False
SEND-00449,POS-00381,TPL_DAY7_STYLING_TIPS,day_7,2025-12-14,True,False,False
SEND-00450,ECOM-00205,TPL_DAY7_THANKYOU,day_7,2025-05-09,False,False,False
SEND-00451,POS-00203,TPL_DAY30_RESTOCK_TEASER,day_30,2025-12-28,False,False,False
SEND-00452,POS-00334,TPL_DAY30_WINBACK,day_30,2025-07-20,True,False,False
SEND-00453,POS-00253,TPL_DAY30_WINBACK,day_30,2026-04-24,True,False,False
SEND-00454,POS-00090,TPL_DAY7_THANKYOU,day_7,2026-01-27,False,False,False
SEND-00455,POS-00453,TPL_DAY30_RESTOCK_TEASER,day_30,2025-10-03,True,False,False
SEND-00456,ECOM-00099,TPL_DAY30_WINBACK,day_30,2025-06-13,False,False,False
SEND-00457,POS-00450,TPL_DAY7_STYLING_TIPS,day_7,2026-05-02,True,False,False
SEND-00458,POS-00259,TPL_DAY30_WINBACK,day_30,2026-05-12,False,False,False
SEND-00459,POS-00400,TPL_DAY30_WINBACK,day_30,2026-02-10,False,False,False
SEND-00460,ECOM-00188,TPL_DAY30_RESTOCK_TEASER,day_30,2025-11-25,False,False,False
SEND-00461,ECOM-00077,TPL_DAY30_RESTOCK_TEASER,day_30,2025-11-27,True,False,False
SEND-00462,POS-00167,TPL_DAY30_RESTOCK_TEASER,day_30,2025-02-03,False,False,False
SEND-00463,POS-00329,TPL_DAY7_THANKYOU,day_7,2026-05-22,True,False,False
SEND-00464,POS-00307,TPL_DAY7_STYLING_TIPS,day_7,2026-04-03,False,False,False
SEND-00465,POS-00434,TPL_DAY30_RESTOCK_TEASER,day_30,2025-06-29,False,False,False
SEND-00466,POS-00426,TPL_DAY30_WINBACK,day_30,2025-08-08,True,False,False
SEND-00467,POS-00112,TPL_DAY30_WINBACK,day_30,2025-04-27,False,False,False
SEND-00468,POS-00176,TPL_DAY30_RESTOCK_TEASER,day_30,2026-01-19,True,False,False
SEND-00469,ECOM-00069,TPL_DAY7_THANKYOU,day_7,2025-04-20,True,False,False
SEND-00470,POS-00393,TPL_DAY30_RESTOCK_TEASER,day_30,2025-10-22,True,False,False
SEND-00471,ECOM-00152,TPL_DAY7_STYLING_TIPS,day_7,2025-08-04,True,False,False
SEND-00472,POS-00103,TPL_DAY30_WINBACK,day_30,2026-01-30,True,False,False
SEND-00473,POS-00003,TPL_DAY30_RESTOCK_TEASER,day_30,2025-10-13,False,False,False
SEND-00474,POS-00213,TPL_DAY7_STYLING_TIPS,day_7,2026-01-25,True,False,False
SEND-00475,POS-00214,TPL_DAY7_STYLING_TIPS,day_7,2026-02-23,False,False,False
SEND-00476,ECOM-00194,TPL_DAY7_STYLING_TIPS,day_7,2026-01-09,True,False,False
SEND-00477,POS-00091,TPL_DAY7_THANKYOU,day_7,2025-04-13,False,False,False
SEND-00478,ECOM-00027,TPL_DAY7_THANKYOU,day_7,2026-01-15,False,False,False
SEND-00479,POS-00045,TPL_DAY7_STYLING_TIPS,day_7,2025-02-27,False,False,False
SEND-00480,ECOM-00189,TPL_DAY30_WINBACK,day_30,2025-12-13,False,False,False
SEND-00481,POS-00295,TPL_DAY30_WINBACK,day_30,2025-11-29,False,False,False
SEND-00482,POS-00369,TPL_DAY30_WINBACK,day_30,2025-05-04,True,False,False
SEND-00483,POS-00232,TPL_DAY30_WINBACK,day_30,2025-05-24,True,False,False
SEND-00484,ECOM-00025,TPL_DAY7_THANKYOU,day_7,2026-01-24,True,True,False
SEND-00485,POS-00429,TPL_DAY30_WINBACK,day_30,2025-09-08,True,False,False
SEND-00486,ECOM-00062,TPL_DAY7_THANKYOU,day_7,2025-09-29,False,False,False
SEND-00487,POS-00215,TPL_DAY30_RESTOCK_TEASER,day_30,2025-02-18,True,False,False
SEND-00488,POS-00045,TPL_DAY30_RESTOCK_TEASER,day_30,2025-08-01,False,False,False
SEND-00489,ECOM-00078,TPL_DAY7_THANKYOU,day_7,2025-10-28,False,False,False
SEND-00490,POS-00011,TPL_DAY7_STYLING_TIPS,day_7,2025-04-21,False,False,False
SEND-00491,ECOM-00006,TPL_DAY30_WINBACK,day_30,2025-12-02,True,False,False
SEND-00492,ECOM-00069,TPL_DAY30_WINBACK,day_30,2026-02-16,False,False,False
SEND-00493,ECOM-00145,TPL_DAY30_WINBACK,day_30,2025-09-21,True,False,False
SEND-00494,POS-00246,TPL_DAY7_STYLING_TIPS,day_7,2025-02-13,True,True,False
SEND-00495,POS-00440,TPL_DAY30_RESTOCK_TEASER,day_30,2025-09-15,False,False,False
SEND-00496,POS-00391,TPL_DAY30_RESTOCK_TEASER,day_30,2025-04-09,False,False,False
SEND-00497,POS-00309,TPL_DAY30_WINBACK,day_30,2025-06-12,False,False,False
SEND-00498,ECOM-00101,TPL_DAY7_THANKYOU,day_7,2026-03-03,False,False,False
SEND-00499,POS-00124,TPL_DAY7_THANKYOU,day_7,2025-11-07,False,False,False
SEND-00500,POS-00140,TPL_DAY7_THANKYOU,day_7,2025-05-20,True,False,False
SEND-00501,POS-00058,TPL_DAY7_THANKYOU,day_7,2025-06-30,True,False,False
SEND-00502,ECOM-00098,TPL_DAY30_WINBACK,day_30,2026-05-21,True,False,False
SEND-00503,ECOM-00121,TPL_DAY7_THANKYOU,day_7,2026-01-30,True,False,False
SEND-00504,POS-00120,TPL_DAY30_RESTOCK_TEASER,day_30,2025-10-20,False,False,False
SEND-00505,ECOM-00072,TPL_DAY7_STYLING_TIPS,day_7,2026-04-16,False,False,False
SEND-00506,ECOM-00010,TPL_DAY30_RESTOCK_TEASER,day_30,2025-07-18,True,True,False
SEND-00507,POS-00001,TPL_DAY30_WINBACK,day_30,2025-09-06,False,False,False
SEND-00508,POS-00386,TPL_DAY7_STYLING_TIPS,day_7,2025-12-14,False,False,False
SEND-00509,POS-00434,TPL_DAY30_WINBACK,day_30,2025-07-27,False,False,False
SEND-00510,POS-00440,TPL_DAY7_THANKYOU,day_7,2026-05-02,True,False,False
SEND-00511,ECOM-00002,TPL_DAY30_WINBACK,day_30,2025-11-09,False,False,False
SEND-00512,POS-00199,TPL_DAY30_WINBACK,day_30,2025-06-24,True,False,False
SEND-00513,POS-00191,TPL_DAY30_WINBACK,day_30,2026-06-02,True,False,False
SEND-00514,POS-00334,TPL_DAY7_THANKYOU,day_7,2025-06-03,True,False,True
SEND-00515,ECOM-00037,TPL_DAY30_RESTOCK_TEASER,day_30,2025-02-18,False,False,False
SEND-00516,POS-00099,TPL_DAY30_RESTOCK_TEASER,day_30,2025-07-14,True,False,False
SEND-00517,ECOM-00145,TPL_DAY30_RESTOCK_TEASER,day_30,2025-02-01,False,False,False
SEND-00518,ECOM-00075,TPL_DAY30_WINBACK,day_30,2025-12-28,False,False,False
SEND-00519,POS-00036,TPL_DAY7_THANKYOU,day_7,2025-07-18,False,False,False
SEND-00520,POS-00202,TPL_DAY30_RESTOCK_TEASER,day_30,2025-12-22,True,False,False
SEND-00521,ECOM-00107,TPL_DAY30_WINBACK,day_30,2026-01-14,True,False,False
SEND-00522,ECOM-00180,TPL_DAY7_THANKYOU,day_7,2025-10-07,False,False,False
SEND-00523,POS-00349,TPL_DAY30_RESTOCK_TEASER,day_30,2025-07-14,False,False,False
SEND-00524,POS-00354,TPL_DAY30_RESTOCK_TEASER,day_30,2025-07-20,True,False,False
SEND-00525,POS-00015,TPL_DAY7_THANKYOU,day_7,2025-03-18,False,False,False
SEND-00526,ECOM-00111,TPL_DAY7_STYLING_TIPS,day_7,2026-04-18,False,False,False
SEND-00527,POS-00292,TPL_DAY30_RESTOCK_TEASER,day_30,2025-09-18,True,False,False
SEND-00528,POS-00376,TPL_DAY30_RESTOCK_TEASER,day_30,2026-01-31,False,False,False
SEND-00529,ECOM-00126,TPL_DAY7_THANKYOU,day_7,2025-01-06,False,False,False
SEND-00530,POS-00177,TPL_DAY7_THANKYOU,day_7,2025-10-03,False,False,False
SEND-00531,ECOM-00181,TPL_DAY7_THANKYOU,day_7,2026-01-17,False,False,False
SEND-00532,POS-00364,TPL_DAY30_WINBACK,day_30,2025-06-01,False,False,False
SEND-00533,POS-00433,TPL_DAY30_RESTOCK_TEASER,day_30,2025-02-01,False,False,False
SEND-00534,ECOM-00203,TPL_DAY30_RESTOCK_TEASER,day_30,2026-02-21,False,False,False
SEND-00535,POS-00310,TPL_DAY30_WINBACK,day_30,2025-10-28,True,False,False
SEND-00536,POS-00333,TPL_DAY30_WINBACK,day_30,2025-08-24,True,False,False
SEND-00537,POS-00144,TPL_DAY30_WINBACK,day_30,2025-08-06,True,False,False
SEND-00538,ECOM-00030,TPL_DAY7_THANKYOU,day_7,2025-07-19,False,False,False
SEND-00539,POS-00123,TPL_DAY7_THANKYOU,day_7,2025-09-16,True,False,False
SEND-00540,ECOM-00207,TPL_DAY30_RESTOCK_TEASER,day_30,2025-07-15,True,False,False
SEND-00541,POS-00168,TPL_DAY30_WINBACK,day_30,2025-10-15,False,False,False
SEND-00542,ECOM-00141,TPL_DAY7_STYLING_TIPS,day_7,2026-03-30,False,False,False
SEND-00543,ECOM-00207,TPL_DAY30_RESTOCK_TEASER,day_30,2025-09-01,True,False,False
SEND-00544,POS-00038,TPL_DAY30_WINBACK,day_30,2025-02-15,False,False,False
SEND-00545,POS-00071,TPL_DAY30_WINBACK,day_30,2026-06-26,True,False,False
SEND-00546,POS-00010,TPL_DAY7_STYLING_TIPS,day_7,2026-06-11,False,False,False
SEND-00547,ECOM-00034,TPL_DAY7_THANKYOU,day_7,2025-03-02,True,False,False
SEND-00548,ECOM-00214,TPL_DAY30_WINBACK,day_30,2025-03-20,False,False,False
SEND-00549,POS-00301,TPL_DAY30_WINBACK,day_30,2025-08-06,False,False,False
SEND-00550,POS-00017,TPL_DAY30_RESTOCK_TEASER,day_30,2025-03-22,True,False,False
SEND-00551,POS-00061,TPL_DAY30_RESTOCK_TEASER,day_30,2025-02-04,False,False,False
SEND-00552,POS-00357,TPL_DAY7_THANKYOU,day_7,2026-04-17,True,False,False
SEND-00553,ECOM-00103,TPL_DAY7_STYLING_TIPS,day_7,2026-04-06,False,False,False
SEND-00554,POS-00367,TPL_DAY30_RESTOCK_TEASER,day_30,2025-03-20,True,False,False
SEND-00555,POS-00341,TPL_DAY7_STYLING_TIPS,day_7,2026-05-06,True,False,False
SEND-00556,POS-00053,TPL_DAY30_WINBACK,day_30,2026-02-07,False,False,False
SEND-00557,POS-00118,TPL_DAY7_STYLING_TIPS,day_7,2025-07-03,True,True,False
SEND-00558,ECOM-00023,TPL_DAY30_RESTOCK_TEASER,day_30,2025-04-30,True,False,False
SEND-00559,POS-00037,TPL_DAY7_STYLING_TIPS,day_7,2025-09-23,False,False,True
SEND-00560,ECOM-00051,TPL_DAY7_STYLING_TIPS,day_7,2025-02-11,False,False,False
SEND-00561,ECOM-00049,TPL_DAY7_THANKYOU,day_7,2025-02-07,True,True,False
SEND-00562,ECOM-00099,TPL_DAY30_RESTOCK_TEASER,day_30,2025-01-26,True,False,False
SEND-00563,ECOM-00102,TPL_DAY30_WINBACK,day_30,2025-05-17,False,False,False
SEND-00564,POS-00326,TPL_DAY30_WINBACK,day_30,2025-04-17,False,False,False
SEND-00565,POS-00016,TPL_DAY30_WINBACK,day_30,2025-04-16,False,False,False
SEND-00566,POS-00276,TPL_DAY30_WINBACK,day_30,2026-06-07,False,False,False
SEND-00567,POS-00118,TPL_DAY7_STYLING_TIPS,day_7,2025-05-24,False,False,False
SEND-00568,ECOM-00218,TPL_DAY30_WINBACK,day_30,2025-11-15,False,False,False
SEND-00569,POS-00079,TPL_DAY7_STYLING_TIPS,day_7,2025-10-04,False,False,False
SEND-00570,ECOM-00192,TPL_DAY7_STYLING_TIPS,day_7,2026-03-18,False,False,False
SEND-00571,POS-00267,TPL_DAY30_RESTOCK_TEASER,day_30,2026-02-13,True,False,False
SEND-00572,POS-00448,TPL_DAY30_WINBACK,day_30,2025-03-18,False,False,False
SEND-00573,POS-00176,TPL_DAY30_WINBACK,day_30,2025-10-10,False,False,False
SEND-00574,POS-00194,TPL_DAY7_STYLING_TIPS,day_7,2026-06-19,False,False,False
SEND-00575,POS-00240,TPL_DAY30_RESTOCK_TEASER,day_30,2026-05-26,False,False,False
SEND-00576,POS-00004,TPL_DAY30_WINBACK,day_30,2025-08-22,True,True,False
SEND-00577,ECOM-00189,TPL_DAY7_THANKYOU,day_7,2026-04-16,True,False,False
SEND-00578,ECOM-00131,TPL_DAY7_THANKYOU,day_7,2026-02-04,False,False,False
SEND-00579,POS-00086,TPL_DAY30_RESTOCK_TEASER,day_30,2026-04-07,False,False,True
SEND-00580,POS-00155,TPL_DAY30_RESTOCK_TEASER,day_30,2026-01-31,False,False,False
SEND-00581,ECOM-00200,TPL_DAY30_RESTOCK_TEASER,day_30,2026-03-10,True,False,False
SEND-00582,ECOM-00141,TPL_DAY7_THANKYOU,day_7,2025-01-26,False,False,False
SEND-00583,ECOM-00108,TPL_DAY7_THANKYOU,day_7,2025-07-09,False,False,False
SEND-00584,ECOM-00215,TPL_DAY30_RESTOCK_TEASER,day_30,2026-03-03,False,False,False
SEND-00585,POS-00022,TPL_DAY30_RESTOCK_TEASER,day_30,2025-12-26,True,False,False
SEND-00586,POS-00046,TPL_DAY7_STYLING_TIPS,day_7,2025-01-14,False,False,False
SEND-00587,POS-00349,TPL_DAY7_THANKYOU,day_7,2025-02-24,False,False,False
SEND-00588,ECOM-00164,TPL_DAY7_THANKYOU,day_7,2025-02-24,True,False,False
SEND-00589,ECOM-00145,TPL_DAY30_WINBACK,day_30,2026-01-20,False,False,False
SEND-00590,POS-00442,TPL_DAY30_RESTOCK_TEASER,day_30,2025-10-27,False,False,False
SEND-00591,POS-00070,TPL_DAY30_RESTOCK_TEASER,day_30,2025-01-19,True,True,False
SEND-00592,POS-00185,TPL_DAY30_WINBACK,day_30,2025-05-06,False,False,False
SEND-00593,ECOM-00186,TPL_DAY30_RESTOCK_TEASER,day_30,2026-03-04,False,False,False
SEND-00594,ECOM-00046,TPL_DAY30_WINBACK,day_30,2026-04-04,True,False,False
SEND-00595,POS-00286,TPL_DAY30_WINBACK,day_30,2026-03-27,False,False,False
SEND-00596,POS-00450,TPL_DAY7_THANKYOU,day_7,2025-02-16,False,False,False
SEND-00597,POS-00286,TPL_DAY7_STYLING_TIPS,day_7,2025-04-23,True,False,False
SEND-00598,POS-00341,TPL_DAY30_RESTOCK_TEASER,day_30,2025-05-21,False,False,False
SEND-00599,POS-00182,TPL_DAY30_WINBACK,day_30,2026-02-13,False,False,False
SEND-00600,POS-00037,TPL_DAY30_WINBACK,day_30,2026-04-03,True,False,False
SEND-00601,POS-00369,TPL_DAY30_RESTOCK_TEASER,day_30,2025-12-04,False,False,False
SEND-00602,POS-00077,TPL_DAY30_WINBACK,day_30,2025-10-24,True,False,False
SEND-00603,POS-00207,TPL_DAY30_WINBACK,day_30,2025-06-29,False,False,False
SEND-00604,POS-00059,TPL_DAY30_WINBACK,day_30,2025-08-06,False,False,False
SEND-00605,ECOM-00045,TPL_DAY30_WINBACK,day_30,2025-01-11,True,False,False
SEND-00606,ECOM-00055,TPL_DAY7_THANKYOU,day_7,2025-01-15,True,False,False
SEND-00607,ECOM-00152,TPL_DAY30_WINBACK,day_30,2026-06-22,False,False,False
SEND-00608,ECOM-00088,TPL_DAY30_RESTOCK_TEASER,day_30,2025-01-24,True,False,False
SEND-00609,ECOM-00051,TPL_DAY30_RESTOCK_TEASER,day_30,2025-08-22,True,False,False
SEND-00610,ECOM-00145,TPL_DAY7_STYLING_TIPS,day_7,2025-05-30,False,False,False
SEND-00611,POS-00129,TPL_DAY30_RESTOCK_TEASER,day_30,2025-05-21,False,False,False
SEND-00612,POS-00442,TPL_DAY7_STYLING_TIPS,day_7,2025-02-13,True,False,False
SEND-00613,POS-00174,TPL_DAY30_WINBACK,day_30,2025-11-11,False,False,False
SEND-00614,POS-00423,TPL_DAY7_STYLING_TIPS,day_7,2026-07-03,False,False,False
SEND-00615,ECOM-00142,TPL_DAY7_STYLING_TIPS,day_7,2025-08-16,False,False,False
SEND-00616,POS-00197,TPL_DAY30_RESTOCK_TEASER,day_30,2025-03-11,False,False,False
SEND-00617,ECOM-00086,TPL_DAY7_THANKYOU,day_7,2026-03-02,False,False,False
SEND-00618,POS-00087,TPL_DAY30_RESTOCK_TEASER,day_30,2025-08-23,True,False,False
SEND-00619,POS-00452,TPL_DAY30_RESTOCK_TEASER,day_30,2025-03-10,False,False,False
SEND-00620,ECOM-00065,TPL_DAY7_STYLING_TIPS,day_7,2026-04-04,True,False,False
SEND-00621,POS-00402,TPL_DAY30_WINBACK,day_30,2025-09-24,False,False,False
SEND-00622,POS-00185,TPL_DAY30_WINBACK,day_30,2026-05-19,True,False,False
SEND-00623,ECOM-00091,TPL_DAY30_RESTOCK_TEASER,day_30,2025-03-27,True,False,False
SEND-00624,POS-00325,TPL_DAY7_THANKYOU,day_7,2025-01-10,True,False,False
SEND-00625,ECOM-00076,TPL_DAY30_RESTOCK_TEASER,day_30,2026-03-19,True,True,False
SEND-00626,POS-00325,TPL_DAY30_RESTOCK_TEASER,day_30,2025-11-19,False,False,False
SEND-00627,POS-00133,TPL_DAY30_RESTOCK_TEASER,day_30,2025-08-17,False,False,False
SEND-00628,ECOM-00111,TPL_DAY30_RESTOCK_TEASER,day_30,2025-11-09,False,False,False
SEND-00629,POS-00302,TPL_DAY30_WINBACK,day_30,2026-02-18,False,False,False
SEND-00630,POS-00199,TPL_DAY30_WINBACK,day_30,2026-02-09,False,False,False
SEND-00631,ECOM-00158,TPL_DAY30_WINBACK,day_30,2026-07-03,False,False,False
SEND-00632,POS-00401,TPL_DAY30_WINBACK,day_30,2025-12-10,False,False,False
SEND-00633,POS-00231,TPL_DAY7_THANKYOU,day_7,2025-07-31,False,False,False
SEND-00634,POS-00023,TPL_DAY30_RESTOCK_TEASER,day_30,2025-04-22,False,False,False
SEND-00635,ECOM-00173,TPL_DAY7_STYLING_TIPS,day_7,2026-06-18,False,False,False
SEND-00636,POS-00436,TPL_DAY30_WINBACK,day_30,2025-08-25,False,False,False
SEND-00637,POS-00245,TPL_DAY30_RESTOCK_TEASER,day_30,2026-06-30,False,False,False
SEND-00638,POS-00153,TPL_DAY30_RESTOCK_TEASER,day_30,2026-06-10,False,False,False
SEND-00639,POS-00214,TPL_DAY7_STYLING_TIPS,day_7,2026-05-24,False,False,False
SEND-00640,POS-00315,TPL_DAY7_STYLING_TIPS,day_7,2026-06-28,True,False,False
SEND-00641,POS-00137,TPL_DAY7_THANKYOU,day_7,2025-03-07,False,False,False
SEND-00642,ECOM-00206,TPL_DAY30_WINBACK,day_30,2026-04-08,False,False,False
SEND-00643,POS-00341,TPL_DAY7_THANKYOU,day_7,2025-11-28,False,False,False
SEND-00644,ECOM-00036,TPL_DAY30_RESTOCK_TEASER,day_30,2026-02-11,False,False,False
SEND-00645,ECOM-00004,TPL_DAY7_STYLING_TIPS,day_7,2025-10-20,True,False,False
SEND-00646,POS-00087,TPL_DAY30_WINBACK,day_30,2025-06-08,False,False,False
SEND-00647,ECOM-00171,TPL_DAY7_STYLING_TIPS,day_7,2026-06-10,False,False,False
SEND-00648,POS-00161,TPL_DAY30_RESTOCK_TEASER,day_30,2025-12-22,False,False,False
SEND-00649,POS-00077,TPL_DAY7_THANKYOU,day_7,2026-05-28,False,False,False
SEND-00650,ECOM-00026,TPL_DAY7_STYLING_TIPS,day_7,2025-03-28,True,False,False
SEND-00651,ECOM-00045,TPL_DAY30_WINBACK,day_30,2025-03-08,False,False,False
SEND-00652,POS-00063,TPL_DAY30_WINBACK,day_30,2025-12-09,True,False,False
SEND-00653,ECOM-00155,TPL_DAY30_RESTOCK_TEASER,day_30,2025-09-18,False,False,False
SEND-00654,ECOM-00181,TPL_DAY30_RESTOCK_TEASER,day_30,2025-09-29,False,False,False
SEND-00655,POS-00001,TPL_DAY7_STYLING_TIPS,day_7,2025-05-10,False,False,False
SEND-00656,POS-00290,TPL_DAY7_THANKYOU,day_7,2025-01-12,False,False,False
SEND-00657,POS-00131,TPL_DAY30_WINBACK,day_30,2026-03-23,False,False,False
SEND-00658,POS-00351,TPL_DAY7_THANKYOU,day_7,2026-01-11,False,False,False
SEND-00659,POS-00398,TPL_DAY7_STYLING_TIPS,day_7,2025-09-27,False,False,False
SEND-00660,POS-00015,TPL_DAY7_STYLING_TIPS,day_7,2025-09-15,False,False,False
SEND-00661,ECOM-00160,TPL_DAY7_STYLING_TIPS,day_7,2025-06-28,True,False,False
SEND-00662,POS-00186,TPL_DAY30_RESTOCK_TEASER,day_30,2025-09-29,False,False,False
SEND-00663,ECOM-00047,TPL_DAY30_RESTOCK_TEASER,day_30,2025-07-30,False,False,False
SEND-00664,ECOM-00165,TPL_DAY30_WINBACK,day_30,2026-02-04,True,False,False
SEND-00665,ECOM-00162,TPL_DAY7_STYLING_TIPS,day_7,2025-12-11,True,False,False
SEND-00666,POS-00151,TPL_DAY30_RESTOCK_TEASER,day_30,2026-06-20,True,False,False
SEND-00667,POS-00239,TPL_DAY7_STYLING_TIPS,day_7,2026-04-28,True,False,False
SEND-00668,POS-00246,TPL_DAY30_RESTOCK_TEASER,day_30,2025-03-09,True,False,False
SEND-00669,POS-00160,TPL_DAY30_RESTOCK_TEASER,day_30,2025-01-13,False,False,False
SEND-00670,POS-00309,TPL_DAY30_RESTOCK_TEASER,day_30,2025-02-22,False,False,False
SEND-00671,ECOM-00093,TPL_DAY30_RESTOCK_TEASER,day_30,2025-07-03,True,False,False
SEND-00672,ECOM-00040,TPL_DAY7_STYLING_TIPS,day_7,2025-12-31,False,False,False
SEND-00673,POS-00457,TPL_DAY30_WINBACK,day_30,2025-04-03,False,False,False
SEND-00674,POS-00350,TPL_DAY30_WINBACK,day_30,2025-03-13,False,False,False
SEND-00675,ECOM-00041,TPL_DAY7_STYLING_TIPS,day_7,2026-06-30,False,False,False
SEND-00676,ECOM-00048,TPL_DAY7_STYLING_TIPS,day_7,2025-03-24,True,False,False
SEND-00677,ECOM-00123,TPL_DAY30_WINBACK,day_30,2025-05-09,False,False,False
SEND-00678,POS-00435,TPL_DAY7_STYLING_TIPS,day_7,2026-03-23,False,False,False
SEND-00679,ECOM-00032,TPL_DAY30_RESTOCK_TEASER,day_30,2025-07-09,True,False,False
SEND-00680,POS-00320,TPL_DAY30_WINBACK,day_30,2026-03-15,True,False,False
SEND-00681,POS-00451,TPL_DAY7_STYLING_TIPS,day_7,2025-10-07,True,False,False
SEND-00682,ECOM-00072,TPL_DAY30_RESTOCK_TEASER,day_30,2026-04-18,False,False,False
SEND-00683,ECOM-00090,TPL_DAY7_THANKYOU,day_7,2026-06-04,True,False,False
SEND-00684,POS-00057,TPL_DAY30_WINBACK,day_30,2025-03-18,False,False,False
SEND-00685,POS-00229,TPL_DAY30_WINBACK,day_30,2026-05-10,True,False,False
SEND-00686,POS-00099,TPL_DAY30_RESTOCK_TEASER,day_30,2025-07-15,False,False,False
SEND-00687,POS-00186,TPL_DAY30_WINBACK,day_30,2026-04-06,False,False,False
SEND-00688,POS-00095,TPL_DAY30_WINBACK,day_30,2026-04-18,False,False,True
SEND-00689,ECOM-00024,TPL_DAY30_WINBACK,day_30,2025-04-15,False,False,False
SEND-00690,POS-00401,TPL_DAY30_RESTOCK_TEASER,day_30,2025-11-05,True,False,False
SEND-00691,POS-00166,TPL_DAY7_THANKYOU,day_7,2025-09-13,False,False,False
SEND-00692,POS-00249,TPL_DAY30_WINBACK,day_30,2025-04-18,False,False,False
SEND-00693,POS-00165,TPL_DAY7_STYLING_TIPS,day_7,2025-03-17,False,False,False
SEND-00694,POS-00300,TPL_DAY30_RESTOCK_TEASER,day_30,2026-04-10,False,False,False
SEND-00695,ECOM-00023,TPL_DAY7_THANKYOU,day_7,2026-01-10,False,False,False
SEND-00696,POS-00439,TPL_DAY30_WINBACK,day_30,2025-02-17,False,False,False
SEND-00697,POS-00069,TPL_DAY30_WINBACK,day_30,2025-07-22,True,False,False
SEND-00698,POS-00406,TPL_DAY30_WINBACK,day_30,2026-03-11,False,False,False
SEND-00699,ECOM-00188,TPL_DAY30_RESTOCK_TEASER,day_30,2025-11-18,False,False,False
SEND-00700,ECOM-00134,TPL_DAY30_WINBACK,day_30,2025-05-21,True,False,False
SEND-00701,POS-00423,TPL_DAY30_WINBACK,day_30,2026-01-27,False,False,False
SEND-00702,POS-00024,TPL_DAY7_STYLING_TIPS,day_7,2025-03-25,True,False,False
SEND-00703,POS-00092,TPL_DAY30_WINBACK,day_30,2025-12-21,True,False,False
SEND-00704,POS-00052,TPL_DAY7_STYLING_TIPS,day_7,2025-08-06,False,False,False
SEND-00705,ECOM-00055,TPL_DAY30_WINBACK,day_30,2025-06-09,True,False,False
SEND-00706,ECOM-00147,TPL_DAY30_WINBACK,day_30,2025-02-16,False,False,False
SEND-00707,POS-00108,TPL_DAY7_THANKYOU,day_7,2026-01-17,False,False,False
SEND-00708,ECOM-00177,TPL_DAY7_STYLING_TIPS,day_7,2026-03-27,False,False,False
SEND-00709,ECOM-00113,TPL_DAY30_WINBACK,day_30,2026-06-15,False,False,False
SEND-00710,POS-00036,TPL_DAY30_WINBACK,day_30,2025-12-06,True,False,False
SEND-00711,POS-00277,TPL_DAY30_WINBACK,day_30,2025-10-13,True,False,False
SEND-00712,POS-00217,TPL_DAY30_RESTOCK_TEASER,day_30,2025-07-15,True,False,False
SEND-00713,POS-00105,TPL_DAY30_WINBACK,day_30,2025-12-12,True,False,False
SEND-00714,ECOM-00175,TPL_DAY30_WINBACK,day_30,2026-05-06,False,False,False
SEND-00715,ECOM-00150,TPL_DAY30_WINBACK,day_30,2025-02-23,False,False,False
SEND-00716,ECOM-00157,TPL_DAY30_WINBACK,day_30,2026-03-08,False,False,False
SEND-00717,POS-00325,TPL_DAY30_WINBACK,day_30,2025-11-11,True,False,False
SEND-00718,ECOM-00096,TPL_DAY30_RESTOCK_TEASER,day_30,2025-03-23,True,False,True
SEND-00719,POS-00431,TPL_DAY30_WINBACK,day_30,2025-08-15,True,True,False
SEND-00720,POS-00427,TPL_DAY7_STYLING_TIPS,day_7,2025-07-25,True,False,False
SEND-00721,ECOM-00211,TPL_DAY7_STYLING_TIPS,day_7,2026-03-05,True,True,False
SEND-00722,POS-00035,TPL_DAY30_RESTOCK_TEASER,day_30,2025-02-04,True,False,False
SEND-00723,POS-00368,TPL_DAY7_STYLING_TIPS,day_7,2025-11-17,False,False,False
SEND-00724,ECOM-00115,TPL_DAY30_WINBACK,day_30,2026-05-28,False,False,False
SEND-00725,POS-00045,TPL_DAY7_STYLING_TIPS,day_7,2025-12-02,False,False,False
SEND-00726,POS-00365,TPL_DAY30_WINBACK,day_30,2025-08-09,False,False,False
SEND-00727,POS-00167,TPL_DAY30_WINBACK,day_30,2026-04-12,False,False,False
SEND-00728,POS-00297,TPL_DAY7_THANKYOU,day_7,2025-01-07,False,False,False
SEND-00729,POS-00241,TPL_DAY30_WINBACK,day_30,2026-02-19,False,False,False
SEND-00730,ECOM-00050,TPL_DAY7_THANKYOU,day_7,2026-01-09,False,False,False
SEND-00731,POS-00159,TPL_DAY7_STYLING_TIPS,day_7,2026-01-28,False,False,False
SEND-00732,ECOM-00084,TPL_DAY30_WINBACK,day_30,2025-06-02,True,False,False
SEND-00733,ECOM-00145,TPL_DAY7_THANKYOU,day_7,2025-12-04,True,False,False
SEND-00734,ECOM-00036,TPL_DAY30_WINBACK,day_30,2025-02-21,False,False,False
SEND-00735,POS-00197,TPL_DAY30_WINBACK,day_30,2025-03-31,False,False,False
SEND-00736,POS-00158,TPL_DAY7_STYLING_TIPS,day_7,2026-06-21,False,False,False
SEND-00737,POS-00364,TPL_DAY7_THANKYOU,day_7,2025-03-26,False,False,False
SEND-00738,POS-00194,TPL_DAY7_THANKYOU,day_7,2025-05-06,False,False,False
SEND-00739,POS-00281,TPL_DAY7_THANKYOU,day_7,2025-09-11,False,False,False
SEND-00740,POS-00396,TPL_DAY7_THANKYOU,day_7,2026-01-07,True,False,False
SEND-00741,POS-00312,TPL_DAY30_WINBACK,day_30,2025-05-24,False,False,False
SEND-00742,POS-00197,TPL_DAY30_WINBACK,day_30,2025-12-05,True,False,False
SEND-00743,POS-00170,TPL_DAY7_THANKYOU,day_7,2025-12-02,False,False,False
SEND-00744,POS-00370,TPL_DAY7_STYLING_TIPS,day_7,2026-04-07,True,False,False
SEND-00745,POS-00063,TPL_DAY7_THANKYOU,day_7,2025-05-10,False,False,False
SEND-00746,POS-00342,TPL_DAY7_STYLING_TIPS,day_7,2025-04-14,True,False,False
SEND-00747,POS-00316,TPL_DAY30_WINBACK,day_30,2026-02-25,True,False,False
SEND-00748,POS-00352,TPL_DAY30_WINBACK,day_30,2025-03-25,False,False,False
SEND-00749,POS-00135,TPL_DAY7_STYLING_TIPS,day_7,2026-06-18,False,False,False
SEND-00750,POS-00091,TPL_DAY30_WINBACK,day_30,2025-08-18,True,True,False
SEND-00751,POS-00024,TPL_DAY7_STYLING_TIPS,day_7,2026-01-18,False,False,False
SEND-00752,ECOM-00181,TPL_DAY30_RESTOCK_TEASER,day_30,2025-07-21,False,False,False
SEND-00753,POS-00398,TPL_DAY30_WINBACK,day_30,2025-06-28,True,False,False
SEND-00754,POS-00180,TPL_DAY30_WINBACK,day_30,2025-03-04,False,False,False
SEND-00755,POS-00322,TPL_DAY30_WINBACK,day_30,2025-01-13,False,False,False
SEND-00756,ECOM-00170,TPL_DAY30_RESTOCK_TEASER,day_30,2025-08-30,True,False,False
SEND-00757,POS-00407,TPL_DAY7_STYLING_TIPS,day_7,2026-06-03,False,False,False
SEND-00758,ECOM-00043,TPL_DAY7_STYLING_TIPS,day_7,2025-02-26,False,False,False
SEND-00759,POS-00382,TPL_DAY30_RESTOCK_TEASER,day_30,2026-06-11,False,False,False
SEND-00760,POS-00087,TPL_DAY7_STYLING_TIPS,day_7,2026-01-17,True,False,False
SEND-00761,POS-00172,TPL_DAY30_RESTOCK_TEASER,day_30,2026-05-16,True,False,False
SEND-00762,POS-00204,TPL_DAY7_STYLING_TIPS,day_7,2025-06-30,True,False,False
SEND-00763,ECOM-00121,TPL_DAY30_WINBACK,day_30,2026-04-20,True,False,False
SEND-00764,POS-00177,TPL_DAY7_THANKYOU,day_7,2025-10-02,False,False,False
SEND-00765,POS-00150,TPL_DAY7_STYLING_TIPS,day_7,2025-04-29,False,False,False
SEND-00766,POS-00251,TPL_DAY7_STYLING_TIPS,day_7,2025-05-26,False,False,False
SEND-00767,POS-00382,TPL_DAY7_THANKYOU,day_7,2025-08-18,True,False,False
SEND-00768,POS-00017,TPL_DAY7_THANKYOU,day_7,2025-11-16,True,False,False
SEND-00769,POS-00190,TPL_DAY7_THANKYOU,day_7,2025-02-03,False,False,False
SEND-00770,POS-00381,TPL_DAY7_THANKYOU,day_7,2026-05-06,False,False,False
SEND-00771,POS-00025,TPL_DAY30_WINBACK,day_30,2026-04-28,False,False,False
SEND-00772,POS-00410,TPL_DAY30_RESTOCK_TEASER,day_30,2026-06-20,False,False,False
SEND-00773,ECOM-00001,TPL_DAY30_RESTOCK_TEASER,day_30,2025-11-15,False,False,False
SEND-00774,POS-00080,TPL_DAY7_STYLING_TIPS,day_7,2025-10-29,True,False,False
SEND-00775,ECOM-00173,TPL_DAY30_RESTOCK_TEASER,day_30,2025-08-16,True,False,False
SEND-00776,ECOM-00119,TPL_DAY7_THANKYOU,day_7,2025-04-24,False,False,False
SEND-00777,ECOM-00171,TPL_DAY30_RESTOCK_TEASER,day_30,2025-07-13,True,False,False
SEND-00778,POS-00132,TPL_DAY7_THANKYOU,day_7,2025-01-14,True,False,False
SEND-00779,POS-00289,TPL_DAY7_STYLING_TIPS,day_7,2025-09-04,False,False,False
SEND-00780,ECOM-00205,TPL_DAY30_WINBACK,day_30,2025-08-31,True,False,False
SEND-00781,POS-00218,TPL_DAY7_THANKYOU,day_7,2026-05-03,False,False,False
SEND-00782,POS-00315,TPL_DAY30_RESTOCK_TEASER,day_30,2025-05-03,False,False,False
SEND-00783,POS-00115,TPL_DAY30_RESTOCK_TEASER,day_30,2025-05-06,False,False,False
SEND-00784,POS-00379,TPL_DAY30_RESTOCK_TEASER,day_30,2026-05-27,True,False,False
SEND-00785,POS-00121,TPL_DAY7_STYLING_TIPS,day_7,2025-01-16,False,False,False
SEND-00786,POS-00187,TPL_DAY7_THANKYOU,day_7,2025-11-11,True,False,False
SEND-00787,POS-00348,TPL_DAY30_RESTOCK_TEASER,day_30,2025-08-05,False,False,False
SEND-00788,POS-00457,TPL_DAY7_STYLING_TIPS,day_7,2025-12-26,False,False,False
SEND-00789,POS-00027,TPL_DAY30_WINBACK,day_30,2025-03-14,False,False,False
SEND-00790,POS-00070,TPL_DAY30_RESTOCK_TEASER,day_30,2025-10-18,False,False,False
SEND-00791,POS-00051,TPL_DAY7_STYLING_TIPS,day_7,2025-09-24,False,False,False
SEND-00792,POS-00175,TPL_DAY7_THANKYOU,day_7,2026-02-25,False,False,False
SEND-00793,POS-00400,TPL_DAY7_THANKYOU,day_7,2026-04-20,True,False,False
SEND-00794,POS-00120,TPL_DAY7_THANKYOU,day_7,2026-05-22,False,False,False
SEND-00795,POS-00452,TPL_DAY30_RESTOCK_TEASER,day_30,2026-03-09,False,False,False
SEND-00796,POS-00449,TPL_DAY30_RESTOCK_TEASER,day_30,2025-09-03,False,False,False
SEND-00797,POS-00249,TPL_DAY30_WINBACK,day_30,2026-06-22,False,False,False
SEND-00798,POS-00108,TPL_DAY7_STYLING_TIPS,day_7,2025-12-15,True,False,False
SEND-00799,POS-00284,TPL_DAY30_RESTOCK_TEASER,day_30,2026-04-18,False,False,False
SEND-00800,ECOM-00193,TPL_DAY30_RESTOCK_TEASER,day_30,2026-05-08,False,False,False
SEND-00801,POS-00453,TPL_DAY30_RESTOCK_TEASER,day_30,2025-08-09,False,False,False
SEND-00802,POS-00028,TPL_DAY30_WINBACK,day_30,2025-10-01,False,False,False
SEND-00803,POS-00107,TPL_DAY7_THANKYOU,day_7,2025-04-27,False,False,False
SEND-00804,ECOM-00194,TPL_DAY7_STYLING_TIPS,day_7,2025-09-27,False,False,False
SEND-00805,POS-00054,TPL_DAY7_STYLING_TIPS,day_7,2025-06-21,False,False,False
SEND-00806,POS-00335,TPL_DAY30_WINBACK,day_30,2026-07-04,False,False,False
SEND-00807,POS-00364,TPL_DAY7_THANKYOU,day_7,2025-06-14,False,False,False
SEND-00808,POS-00277,TPL_DAY7_STYLING_TIPS,day_7,2025-01-30,True,False,False
SEND-00809,POS-00190,TPL_DAY7_STYLING_TIPS,day_7,2026-02-25,True,False,False
SEND-00810,POS-00043,TPL_DAY30_RESTOCK_TEASER,day_30,2025-04-25,False,False,False
SEND-00811,POS-00286,TPL_DAY30_RESTOCK_TEASER,day_30,2026-03-31,True,False,False
SEND-00812,POS-00175,TPL_DAY7_THANKYOU,day_7,2025-05-06,False,False,False
SEND-00813,ECOM-00127,TPL_DAY7_THANKYOU,day_7,2025-01-07,False,False,False
SEND-00814,POS-00433,TPL_DAY30_WINBACK,day_30,2025-05-02,False,False,False
SEND-00815,POS-00344,TPL_DAY30_RESTOCK_TEASER,day_30,2025-09-19,True,False,False
SEND-00816,ECOM-00135,TPL_DAY30_WINBACK,day_30,2025-06-29,True,False,False
SEND-00817,POS-00034,TPL_DAY30_RESTOCK_TEASER,day_30,2025-11-06,False,False,False
SEND-00818,POS-00060,TPL_DAY30_RESTOCK_TEASER,day_30,2026-01-12,True,False,False
SEND-00819,POS-00123,TPL_DAY30_RESTOCK_TEASER,day_30,2025-07-08,True,False,False
SEND-00820,ECOM-00131,TPL_DAY7_STYLING_TIPS,day_7,2025-03-29,False,False,False
SEND-00821,POS-00278,TPL_DAY30_WINBACK,day_30,2025-02-22,True,False,False
SEND-00822,POS-00294,TPL_DAY7_THANKYOU,day_7,2025-06-24,False,False,False
SEND-00823,POS-00147,TPL_DAY30_RESTOCK_TEASER,day_30,2025-12-12,False,False,False
SEND-00824,ECOM-00059,TPL_DAY30_RESTOCK_TEASER,day_30,2026-02-17,False,False,False
SEND-00825,POS-00034,TPL_DAY7_STYLING_TIPS,day_7,2026-05-03,False,False,False
SEND-00826,ECOM-00224,TPL_DAY30_RESTOCK_TEASER,day_30,2026-06-18,False,False,False
SEND-00827,POS-00059,TPL_DAY7_THANKYOU,day_7,2025-12-30,False,False,False
SEND-00828,POS-00177,TPL_DAY30_WINBACK,day_30,2026-01-13,False,False,False
SEND-00829,POS-00169,TPL_DAY7_STYLING_TIPS,day_7,2025-10-26,False,False,False
SEND-00830,ECOM-00077,TPL_DAY30_RESTOCK_TEASER,day_30,2025-10-03,False,False,False
SEND-00831,POS-00286,TPL_DAY30_RESTOCK_TEASER,day_30,2025-10-18,False,False,False
SEND-00832,POS-00113,TPL_DAY30_WINBACK,day_30,2026-01-16,False,False,False
SEND-00833,POS-00333,TPL_DAY30_WINBACK,day_30,2026-05-01,False,False,False
SEND-00834,POS-00058,TPL_DAY7_STYLING_TIPS,day_7,2026-02-04,False,False,False
SEND-00835,ECOM-00168,TPL_DAY30_WINBACK,day_30,2025-06-07,True,False,False
SEND-00836,ECOM-00166,TPL_DAY30_RESTOCK_TEASER,day_30,2025-10-04,True,True,False
SEND-00837,POS-00204,TPL_DAY30_WINBACK,day_30,2025-02-08,True,False,False
SEND-00838,POS-00339,TPL_DAY7_STYLING_TIPS,day_7,2025-06-27,False,False,False
SEND-00839,POS-00244,TPL_DAY30_WINBACK,day_30,2025-10-07,False,False,False
SEND-00840,POS-00334,TPL_DAY30_RESTOCK_TEASER,day_30,2026-01-06,True,False,False
SEND-00841,POS-00089,TPL_DAY7_THANKYOU,day_7,2026-02-12,False,False,False
SEND-00842,POS-00241,TPL_DAY7_THANKYOU,day_7,2025-03-19,False,False,False
SEND-00843,POS-00119,TPL_DAY7_STYLING_TIPS,day_7,2025-12-27,False,False,False
SEND-00844,ECOM-00158,TPL_DAY30_RESTOCK_TEASER,day_30,2025-10-31,True,False,False
SEND-00845,POS-00143,TPL_DAY30_WINBACK,day_30,2025-12-28,False,False,False
SEND-00846,POS-00253,TPL_DAY30_WINBACK,day_30,2026-05-10,False,False,False
SEND-00847,POS-00400,TPL_DAY7_STYLING_TIPS,day_7,2025-06-18,False,False,False
SEND-00848,POS-00265,TPL_DAY30_RESTOCK_TEASER,day_30,2026-06-22,False,False,False
SEND-00849,POS-00242,TPL_DAY7_THANKYOU,day_7,2025-09-03,False,False,False
SEND-00850,ECOM-00219,TPL_DAY7_THANKYOU,day_7,2026-05-04,False,False,False
SEND-00851,ECOM-00064,TPL_DAY7_THANKYOU,day_7,2025-07-11,False,False,False
SEND-00852,POS-00399,TPL_DAY7_STYLING_TIPS,day_7,2025-01-28,False,False,False
SEND-00853,ECOM-00033,TPL_DAY30_RESTOCK_TEASER,day_30,2025-06-01,True,True,False
SEND-00854,ECOM-00037,TPL_DAY30_WINBACK,day_30,2025-01-22,False,False,False
SEND-00855,POS-00288,TPL_DAY30_WINBACK,day_30,2025-09-03,False,False,False
SEND-00856,POS-00228,TPL_DAY30_WINBACK,day_30,2026-05-04,True,False,False
SEND-00857,POS-00296,TPL_DAY7_THANKYOU,day_7,2025-07-04,False,False,False
SEND-00858,ECOM-00187,TPL_DAY7_STYLING_TIPS,day_7,2025-10-18,False,False,False
SEND-00859,ECOM-00125,TPL_DAY7_THANKYOU,day_7,2025-05-14,False,False,False
SEND-00860,ECOM-00166,TPL_DAY7_THANKYOU,day_7,2026-06-13,False,False,False
SEND-00861,POS-00220,TPL_DAY7_STYLING_TIPS,day_7,2026-06-17,True,False,False
SEND-00862,POS-00088,TPL_DAY30_RESTOCK_TEASER,day_30,2026-03-08,False,False,False
SEND-00863,POS-00078,TPL_DAY30_WINBACK,day_30,2025-02-06,False,False,False
SEND-00864,ECOM-00155,TPL_DAY30_WINBACK,day_30,2025-07-06,True,False,False
SEND-00865,POS-00449,TPL_DAY7_STYLING_TIPS,day_7,2025-05-16,False,False,False
SEND-00866,POS-00191,TPL_DAY30_RESTOCK_TEASER,day_30,2026-05-16,True,False,False
SEND-00867,POS-00184,TPL_DAY7_THANKYOU,day_7,2025-06-04,True,False,False
SEND-00868,POS-00328,TPL_DAY7_THANKYOU,day_7,2025-07-17,False,False,False
SEND-00869,POS-00191,TPL_DAY30_RESTOCK_TEASER,day_30,2026-02-14,True,False,False
SEND-00870,POS-00347,TPL_DAY30_WINBACK,day_30,2025-07-02,False,False,False
SEND-00871,POS-00304,TPL_DAY30_RESTOCK_TEASER,day_30,2026-03-17,False,False,False
SEND-00872,POS-00437,TPL_DAY30_WINBACK,day_30,2026-04-26,False,False,False
SEND-00873,POS-00332,TPL_DAY30_RESTOCK_TEASER,day_30,2026-05-11,False,False,False
SEND-00874,POS-00068,TPL_DAY30_WINBACK,day_30,2025-05-23,False,False,False
SEND-00875,ECOM-00215,TPL_DAY7_THANKYOU,day_7,2025-04-05,True,False,False
SEND-00876,ECOM-00091,TPL_DAY7_STYLING_TIPS,day_7,2026-03-02,True,False,False
SEND-00877,POS-00223,TPL_DAY7_STYLING_TIPS,day_7,2026-01-28,False,False,False
SEND-00878,ECOM-00010,TPL_DAY30_RESTOCK_TEASER,day_30,2025-03-24,False,False,False
SEND-00879,ECOM-00152,TPL_DAY7_STYLING_TIPS,day_7,2025-07-13,False,False,False
SEND-00880,POS-00142,TPL_DAY7_STYLING_TIPS,day_7,2025-12-27,False,False,False
SEND-00881,POS-00107,TPL_DAY30_WINBACK,day_30,2025-10-08,False,False,True
SEND-00882,POS-00202,TPL_DAY30_RESTOCK_TEASER,day_30,2025-04-22,False,False,False
SEND-00883,POS-00429,TPL_DAY7_THANKYOU,day_7,2025-10-12,True,False,False
SEND-00884,POS-00152,TPL_DAY7_THANKYOU,day_7,2025-05-20,False,False,False
SEND-00885,ECOM-00202,TPL_DAY7_STYLING_TIPS,day_7,2025-02-03,True,False,False
SEND-00886,POS-00239,TPL_DAY7_THANKYOU,day_7,2025-07-05,True,False,False
SEND-00887,ECOM-00146,TPL_DAY30_WINBACK,day_30,2026-06-08,False,False,False
SEND-00888,POS-00211,TPL_DAY7_STYLING_TIPS,day_7,2025-12-02,True,False,False
SEND-00889,POS-00090,TPL_DAY30_RESTOCK_TEASER,day_30,2025-11-03,False,False,False
SEND-00890,POS-00231,TPL_DAY7_STYLING_TIPS,day_7,2025-03-13,False,False,False
SEND-00891,POS-00390,TPL_DAY7_THANKYOU,day_7,2025-04-03,False,False,False
SEND-00892,POS-00368,TPL_DAY30_WINBACK,day_30,2025-06-25,True,False,False
SEND-00893,POS-00332,TPL_DAY7_STYLING_TIPS,day_7,2025-05-30,False,False,False
SEND-00894,POS-00151,TPL_DAY7_THANKYOU,day_7,2025-09-23,False,False,False
SEND-00895,POS-00350,TPL_DAY30_WINBACK,day_30,2026-04-22,True,False,False
SEND-00896,POS-00122,TPL_DAY30_RESTOCK_TEASER,day_30,2025-04-18,False,False,False
SEND-00897,ECOM-00118,TPL_DAY30_WINBACK,day_30,2025-11-02,False,False,False
SEND-00898,ECOM-00152,TPL_DAY30_WINBACK,day_30,2026-03-10,False,False,False
SEND-00899,POS-00347,TPL_DAY7_THANKYOU,day_7,2025-04-29,False,False,False
SEND-00900,POS-00229,TPL_DAY7_STYLING_TIPS,day_7,2025-04-18,False,False,False
SEND-00901,POS-00440,TPL_DAY30_RESTOCK_TEASER,day_30,2026-05-16,True,False,False
SEND-00902,ECOM-00225,TPL_DAY30_WINBACK,day_30,2026-05-31,False,False,False
SEND-00903,POS-00266,TPL_DAY30_RESTOCK_TEASER,day_30,2026-01-24,False,False,False
SEND-00904,POS-00246,TPL_DAY30_WINBACK,day_30,2025-11-11,True,False,False
SEND-00905,POS-00001,TPL_DAY30_RESTOCK_TEASER,day_30,2026-03-18,False,False,False
SEND-00906,POS-00458,TPL_DAY30_WINBACK,day_30,2025-07-25,True,False,False
SEND-00907,POS-00067,TPL_DAY30_WINBACK,day_30,2026-04-14,False,False,False
SEND-00908,POS-00322,TPL_DAY30_RESTOCK_TEASER,day_30,2025-09-27,False,False,False
SEND-00909,POS-00015,TPL_DAY30_WINBACK,day_30,2026-01-13,False,False,False
SEND-00910,POS-00353,TPL_DAY7_THANKYOU,day_7,2025-01-07,False,False,False
SEND-00911,POS-00267,TPL_DAY7_THANKYOU,day_7,2025-09-02,False,False,False
SEND-00912,ECOM-00095,TPL_DAY30_RESTOCK_TEASER,day_30,2026-01-28,True,False,False
SEND-00913,ECOM-00029,TPL_DAY7_STYLING_TIPS,day_7,2025-03-05,False,False,False
SEND-00914,ECOM-00136,TPL_DAY7_STYLING_TIPS,day_7,2026-01-02,True,False,False
SEND-00915,POS-00402,TPL_DAY7_THANKYOU,day_7,2026-06-09,True,False,False
SEND-00916,ECOM-00076,TPL_DAY7_THANKYOU,day_7,2026-03-19,False,False,False
SEND-00917,ECOM-00038,TPL_DAY30_RESTOCK_TEASER,day_30,2026-01-14,True,False,False
SEND-00918,ECOM-00173,TPL_DAY30_RESTOCK_TEASER,day_30,2025-09-16,False,False,False
SEND-00919,ECOM-00065,TPL_DAY7_STYLING_TIPS,day_7,2025-06-06,False,False,False
SEND-00920,POS-00146,TPL_DAY7_STYLING_TIPS,day_7,2026-02-24,True,False,False
SEND-00921,POS-00181,TPL_DAY30_WINBACK,day_30,2026-03-29,True,False,False
SEND-00922,POS-00380,TPL_DAY30_RESTOCK_TEASER,day_30,2025-07-24,False,False,False
SEND-00923,ECOM-00161,TPL_DAY7_STYLING_TIPS,day_7,2026-06-23,False,False,False
SEND-00924,ECOM-00171,TPL_DAY7_THANKYOU,day_7,2025-09-04,False,False,False
SEND-00925,POS-00063,TPL_DAY30_RESTOCK_TEASER,day_30,2025-12-05,False,False,False
SEND-00926,ECOM-00183,TPL_DAY7_STYLING_TIPS,day_7,2025-11-08,False,False,False
SEND-00927,POS-00225,TPL_DAY7_THANKYOU,day_7,2025-11-19,True,False,False
SEND-00928,POS-00034,TPL_DAY30_RESTOCK_TEASER,day_30,2025-06-01,False,False,False
SEND-00929,ECOM-00104,TPL_DAY30_RESTOCK_TEASER,day_30,2025-01-29,False,False,False
SEND-00930,POS-00379,TPL_DAY7_STYLING_TIPS,day_7,2025-01-26,False,False,False
SEND-00931,POS-00206,TPL_DAY7_STYLING_TIPS,day_7,2025-08-31,False,False,False
SEND-00932,POS-00052,TPL_DAY30_RESTOCK_TEASER,day_30,2025-11-30,False,False,False
SEND-00933,POS-00079,TPL_DAY30_WINBACK,day_30,2026-01-03,False,False,False
SEND-00934,POS-00101,TPL_DAY30_RESTOCK_TEASER,day_30,2025-08-27,True,False,False
SEND-00935,POS-00288,TPL_DAY30_RESTOCK_TEASER,day_30,2025-03-11,True,False,False
SEND-00936,ECOM-00052,TPL_DAY7_THANKYOU,day_7,2025-06-01,False,False,False
SEND-00937,POS-00326,TPL_DAY7_THANKYOU,day_7,2026-01-05,False,False,True
SEND-00938,POS-00046,TPL_DAY7_THANKYOU,day_7,2026-04-07,True,False,False
SEND-00939,POS-00181,TPL_DAY30_WINBACK,day_30,2025-12-01,False,False,False
SEND-00940,POS-00130,TPL_DAY7_THANKYOU,day_7,2026-05-27,False,False,True
SEND-00941,POS-00354,TPL_DAY30_RESTOCK_TEASER,day_30,2025-05-25,True,False,False
SEND-00942,POS-00392,TPL_DAY7_THANKYOU,day_7,2025-11-16,False,False,False
SEND-00943,POS-00425,TPL_DAY7_THANKYOU,day_7,2025-03-01,True,False,False
SEND-00944,ECOM-00113,TPL_DAY7_THANKYOU,day_7,2026-02-25,True,False,False
SEND-00945,ECOM-00218,TPL_DAY30_RESTOCK_TEASER,day_30,2025-02-17,False,False,False
SEND-00946,POS-00207,TPL_DAY7_THANKYOU,day_7,2025-05-07,False,False,False
SEND-00947,ECOM-00037,TPL_DAY30_WINBACK,day_30,2025-02-18,True,False,False
SEND-00948,ECOM-00005,TPL_DAY7_THANKYOU,day_7,2026-07-04,False,False,False
SEND-00949,POS-00164,TPL_DAY7_STYLING_TIPS,day_7,2025-07-17,False,False,False
SEND-00950,ECOM-00123,TPL_DAY7_THANKYOU,day_7,2026-06-23,True,False,False
SEND-00951,POS-00117,TPL_DAY30_WINBACK,day_30,2025-03-09,False,False,False
SEND-00952,POS-00158,TPL_DAY30_WINBACK,day_30,2026-02-18,False,False,False
SEND-00953,ECOM-00132,TPL_DAY30_WINBACK,day_30,2026-01-05,False,False,False
SEND-00954,ECOM-00001,TPL_DAY30_RESTOCK_TEASER,day_30,2025-03-12,True,False,False
SEND-00955,POS-00072,TPL_DAY30_WINBACK,day_30,2026-04-13,False,False,False
SEND-00956,POS-00190,TPL_DAY30_WINBACK,day_30,2026-02-11,False,False,False
SEND-00957,POS-00167,TPL_DAY7_THANKYOU,day_7,2025-10-01,False,False,False
SEND-00958,ECOM-00178,TPL_DAY7_THANKYOU,day_7,2025-09-30,True,False,False
SEND-00959,POS-00329,TPL_DAY7_THANKYOU,day_7,2025-07-20,False,False,True
SEND-00960,ECOM-00178,TPL_DAY30_RESTOCK_TEASER,day_30,2025-12-20,True,False,False
SEND-00961,POS-00242,TPL_DAY30_WINBACK,day_30,2025-08-19,True,False,False
SEND-00962,POS-00219,TPL_DAY30_WINBACK,day_30,2025-11-29,False,False,False
SEND-00963,POS-00222,TPL_DAY30_RESTOCK_TEASER,day_30,2025-07-07,False,False,False
SEND-00964,POS-00308,TPL_DAY30_RESTOCK_TEASER,day_30,2025-06-30,False,False,False
SEND-00965,POS-00242,TPL_DAY30_RESTOCK_TEASER,day_30,2025-07-11,False,False,False
SEND-00966,POS-00028,TPL_DAY7_THANKYOU,day_7,2026-01-13,False,False,False
SEND-00967,POS-00318,TPL_DAY7_STYLING_TIPS,day_7,2025-05-30,False,False,False
SEND-00968,POS-00005,TPL_DAY7_THANKYOU,day_7,2026-04-28,False,False,False
SEND-00969,POS-00015,TPL_DAY30_WINBACK,day_30,2025-12-08,True,False,False
SEND-00970,ECOM-00171,TPL_DAY30_WINBACK,day_30,2026-07-02,False,False,False
SEND-00971,POS-00247,TPL_DAY30_WINBACK,day_30,2025-01-12,False,False,False
SEND-00972,POS-00281,TPL_DAY7_THANKYOU,day_7,2025-03-16,True,False,False
SEND-00973,POS-00057,TPL_DAY30_RESTOCK_TEASER,day_30,2025-12-06,True,False,False
SEND-00974,POS-00366,TPL_DAY30_WINBACK,day_30,2025-03-04,True,False,False
SEND-00975,ECOM-00046,TPL_DAY30_RESTOCK_TEASER,day_30,2025-08-10,False,False,False
SEND-00976,POS-00213,TPL_DAY30_WINBACK,day_30,2026-03-29,True,False,False
SEND-00977,ECOM-00086,TPL_DAY30_WINBACK,day_30,2025-06-19,True,False,False
SEND-00978,POS-00102,TPL_DAY30_WINBACK,day_30,2025-07-06,True,False,False
SEND-00979,ECOM-00195,TPL_DAY30_RESTOCK_TEASER,day_30,2026-02-17,False,False,False
SEND-00980,POS-00164,TPL_DAY7_THANKYOU,day_7,2025-02-08,False,False,False
SEND-00981,ECOM-00138,TPL_DAY30_RESTOCK_TEASER,day_30,2025-11-07,False,False,False
SEND-00982,ECOM-00051,TPL_DAY7_THANKYOU,day_7,2025-07-25,False,False,False
SEND-00983,ECOM-00003,TPL_DAY30_WINBACK,day_30,2025-11-01,False,False,False
SEND-00984,ECOM-00061,TPL_DAY7_STYLING_TIPS,day_7,2026-03-29,False,False,False
SEND-00985,POS-00428,TPL_DAY30_RESTOCK_TEASER,day_30,2025-01-10,False,False,False
SEND-00986,POS-00330,TPL_DAY7_STYLING_TIPS,day_7,2025-02-28,False,False,False
SEND-00987,POS-00406,TPL_DAY30_RESTOCK_TEASER,day_30,2025-03-15,False,False,False
SEND-00988,POS-00102,TPL_DAY7_THANKYOU,day_7,2025-12-11,True,False,False
SEND-00989,POS-00423,TPL_DAY30_WINBACK,day_30,2026-06-01,True,False,False
SEND-00990,ECOM-00173,TPL_DAY7_THANKYOU,day_7,2026-02-16,False,False,False
SEND-00991,POS-00418,TPL_DAY30_RESTOCK_TEASER,day_30,2025-07-12,True,False,False
SEND-00992,ECOM-00057,TPL_DAY7_STYLING_TIPS,day_7,2025-01-06,True,False,False
SEND-00993,ECOM-00185,TPL_DAY30_WINBACK,day_30,2025-12-14,False,False,False
SEND-00994,POS-00179,TPL_DAY7_THANKYOU,day_7,2025-10-21,False,False,False
SEND-00995,POS-00272,TPL_DAY30_RESTOCK_TEASER,day_30,2025-05-23,False,False,False
SEND-00996,ECOM-00045,TPL_DAY7_STYLING_TIPS,day_7,2025-11-02,False,False,False
SEND-00997,ECOM-00064,TPL_DAY30_RESTOCK_TEASER,day_30,2025-04-15,False,False,False
SEND-00998,POS-00135,TPL_DAY30_RESTOCK_TEASER,day_30,2025-09-09,True,False,False
SEND-00999,ECOM-00100,TPL_DAY7_THANKYOU,day_7,2025-03-15,True,False,False
SEND-01000,POS-00444,TPL_DAY30_WINBACK,day_30,2025-12-19,False,False,False
SEND-01001,POS-00147,TPL_DAY7_STYLING_TIPS,day_7,2025-05-18,False,False,False
SEND-01002,POS-00008,TPL_DAY30_WINBACK,day_30,2026-04-19,True,True,False
SEND-01003,POS-00256,TPL_DAY30_WINBACK,day_30,2025-08-08,True,False,False
SEND-01004,POS-00434,TPL_DAY30_WINBACK,day_30,2025-01-08,False,False,False
SEND-01005,POS-00289,TPL_DAY30_RESTOCK_TEASER,day_30,2025-04-20,False,False,False
SEND-01006,ECOM-00174,TPL_DAY30_RESTOCK_TEASER,day_30,2026-05-23,True,False,False
SEND-01007,POS-00376,TPL_DAY30_WINBACK,day_30,2025-10-12,True,False,False
SEND-01008,POS-00173,TPL_DAY7_STYLING_TIPS,day_7,2025-04-07,True,False,False
SEND-01009,ECOM-00067,TPL_DAY7_STYLING_TIPS,day_7,2026-04-04,True,False,False
SEND-01010,POS-00179,TPL_DAY7_THANKYOU,day_7,2025-12-14,False,False,False
SEND-01011,POS-00124,TPL_DAY30_WINBACK,day_30,2026-04-28,False,False,False
SEND-01012,POS-00003,TPL_DAY30_RESTOCK_TEASER,day_30,2026-01-29,False,False,False
SEND-01013,ECOM-00214,TPL_DAY30_RESTOCK_TEASER,day_30,2025-05-01,True,False,False
SEND-01014,POS-00217,TPL_DAY30_WINBACK,day_30,2025-08-03,True,False,False
SEND-01015,POS-00389,TPL_DAY30_RESTOCK_TEASER,day_30,2026-01-14,False,False,False
SEND-01016,ECOM-00092,TPL_DAY30_RESTOCK_TEASER,day_30,2026-03-01,False,False,False
SEND-01017,ECOM-00138,TPL_DAY30_WINBACK,day_30,2025-04-29,False,False,False
SEND-01018,POS-00384,TPL_DAY7_STYLING_TIPS,day_7,2025-01-27,False,False,False
SEND-01019,ECOM-00077,TPL_DAY30_RESTOCK_TEASER,day_30,2025-06-28,False,False,True
SEND-01020,POS-00231,TPL_DAY7_THANKYOU,day_7,2025-09-28,False,False,True
SEND-01021,POS-00375,TPL_DAY30_RESTOCK_TEASER,day_30,2026-05-01,False,False,False
SEND-01022,POS-00211,TPL_DAY30_RESTOCK_TEASER,day_30,2026-03-15,False,False,False
SEND-01023,POS-00206,TPL_DAY7_STYLING_TIPS,day_7,2025-10-08,False,False,False
SEND-01024,ECOM-00147,TPL_DAY30_WINBACK,day_30,2026-07-01,False,False,False
SEND-01025,ECOM-00050,TPL_DAY30_WINBACK,day_30,2025-04-05,False,False,False
SEND-01026,POS-00123,TPL_DAY30_WINBACK,day_30,2025-06-18,False,False,False
SEND-01027,POS-00214,TPL_DAY7_STYLING_TIPS,day_7,2026-04-03,True,False,False
SEND-01028,POS-00013,TPL_DAY30_WINBACK,day_30,2026-03-08,True,False,False
SEND-01029,POS-00246,TPL_DAY7_STYLING_TIPS,day_7,2025-02-16,False,False,False
SEND-01030,ECOM-00065,TPL_DAY30_WINBACK,day_30,2025-02-26,False,False,False
SEND-01031,ECOM-00060,TPL_DAY30_WINBACK,day_30,2026-06-21,False,False,False
SEND-01032,POS-00301,TPL_DAY30_WINBACK,day_30,2026-05-23,False,False,False
SEND-01033,ECOM-00068,TPL_DAY30_WINBACK,day_30,2026-01-02,False,False,False
SEND-01034,ECOM-00028,TPL_DAY7_THANKYOU,day_7,2025-12-20,False,False,False
SEND-01035,ECOM-00178,TPL_DAY30_WINBACK,day_30,2025-07-15,False,False,False
SEND-01036,ECOM-00064,TPL_DAY7_THANKYOU,day_7,2025-05-13,True,False,False
SEND-01037,ECOM-00093,TPL_DAY30_WINBACK,day_30,2025-09-07,False,False,False
SEND-01038,ECOM-00047,TPL_DAY30_RESTOCK_TEASER,day_30,2025-03-07,True,True,False
SEND-01039,POS-00350,TPL_DAY30_RESTOCK_TEASER,day_30,2025-04-09,False,False,False
SEND-01040,ECOM-00050,TPL_DAY7_THANKYOU,day_7,2025-09-01,False,False,False
SEND-01041,POS-00419,TPL_DAY30_WINBACK,day_30,2025-06-14,True,False,False
SEND-01042,ECOM-00168,TPL_DAY30_RESTOCK_TEASER,day_30,2025-10-27,False,False,False
SEND-01043,POS-00414,TPL_DAY7_THANKYOU,day_7,2025-03-01,False,False,False
SEND-01044,POS-00428,TPL_DAY7_THANKYOU,day_7,2025-10-07,False,False,False
SEND-01045,POS-00011,TPL_DAY30_RESTOCK_TEASER,day_30,2025-12-17,False,False,False
SEND-01046,ECOM-00224,TPL_DAY30_RESTOCK_TEASER,day_30,2025-09-14,True,False,False
SEND-01047,POS-00341,TPL_DAY7_THANKYOU,day_7,2026-01-27,True,False,False
SEND-01048,ECOM-00095,TPL_DAY30_RESTOCK_TEASER,day_30,2026-06-29,True,False,False
SEND-01049,POS-00293,TPL_DAY30_RESTOCK_TEASER,day_30,2025-10-17,False,False,False
SEND-01050,ECOM-00149,TPL_DAY7_STYLING_TIPS,day_7,2025-03-03,True,False,False
SEND-01051,POS-00296,TPL_DAY30_RESTOCK_TEASER,day_30,2026-04-09,False,False,False
SEND-01052,POS-00370,TPL_DAY7_STYLING_TIPS,day_7,2026-02-03,False,False,False
SEND-01053,POS-00334,TPL_DAY7_STYLING_TIPS,day_7,2026-01-12,True,False,False
SEND-01054,ECOM-00037,TPL_DAY7_THANKYOU,day_7,2025-06-18,False,False,False
SEND-01055,POS-00325,TPL_DAY7_STYLING_TIPS,day_7,2025-08-28,True,False,True
SEND-01056,POS-00026,TPL_DAY7_THANKYOU,day_7,2025-06-13,False,False,False
SEND-01057,POS-00079,TPL_DAY7_THANKYOU,day_7,2026-06-01,True,False,False
SEND-01058,POS-00349,TPL_DAY7_THANKYOU,day_7,2026-05-16,False,False,False
SEND-01059,POS-00136,TPL_DAY30_RESTOCK_TEASER,day_30,2025-09-20,False,False,False
SEND-01060,POS-00156,TPL_DAY7_THANKYOU,day_7,2025-01-07,True,False,False
SEND-01061,POS-00209,TPL_DAY30_WINBACK,day_30,2025-05-26,True,False,False
SEND-01062,POS-00185,TPL_DAY7_STYLING_TIPS,day_7,2025-11-06,False,False,False
SEND-01063,POS-00071,TPL_DAY30_RESTOCK_TEASER,day_30,2025-02-28,True,False,False
SEND-01064,POS-00440,TPL_DAY7_THANKYOU,day_7,2026-05-22,False,False,False
SEND-01065,ECOM-00007,TPL_DAY7_STYLING_TIPS,day_7,2026-07-02,True,False,False
SEND-01066,POS-00194,TPL_DAY30_RESTOCK_TEASER,day_30,2025-07-08,False,False,False
SEND-01067,POS-00426,TPL_DAY30_WINBACK,day_30,2025-10-20,False,False,False
SEND-01068,POS-00379,TPL_DAY30_WINBACK,day_30,2026-06-09,False,False,False
SEND-01069,ECOM-00118,TPL_DAY30_WINBACK,day_30,2025-10-09,False,False,False
SEND-01070,POS-00186,TPL_DAY30_RESTOCK_TEASER,day_30,2025-09-03,False,False,False
SEND-01071,POS-00293,TPL_DAY7_THANKYOU,day_7,2025-11-28,False,False,False
SEND-01072,POS-00348,TPL_DAY7_STYLING_TIPS,day_7,2025-04-17,True,False,False
SEND-01073,ECOM-00151,TPL_DAY7_THANKYOU,day_7,2025-08-14,True,False,False
SEND-01074,POS-00190,TPL_DAY7_STYLING_TIPS,day_7,2025-02-07,False,False,False
SEND-01075,POS-00026,TPL_DAY30_WINBACK,day_30,2026-04-21,False,False,False
SEND-01076,POS-00231,TPL_DAY7_THANKYOU,day_7,2026-06-18,True,False,False
SEND-01077,ECOM-00212,TPL_DAY30_RESTOCK_TEASER,day_30,2025-09-23,False,False,False
SEND-01078,ECOM-00032,TPL_DAY30_WINBACK,day_30,2025-05-24,False,False,False
SEND-01079,POS-00086,TPL_DAY30_WINBACK,day_30,2026-03-24,False,False,False
SEND-01080,ECOM-00155,TPL_DAY30_WINBACK,day_30,2026-06-05,True,False,False
SEND-01081,ECOM-00215,TPL_DAY7_THANKYOU,day_7,2026-01-09,False,False,False
SEND-01082,POS-00181,TPL_DAY30_RESTOCK_TEASER,day_30,2025-03-25,False,False,False
SEND-01083,POS-00365,TPL_DAY7_THANKYOU,day_7,2026-05-25,True,False,False
SEND-01084,ECOM-00059,TPL_DAY30_WINBACK,day_30,2025-03-04,False,False,False
SEND-01085,POS-00110,TPL_DAY30_WINBACK,day_30,2025-06-02,True,False,False
SEND-01086,ECOM-00018,TPL_DAY7_THANKYOU,day_7,2026-02-08,True,False,False
SEND-01087,POS-00141,TPL_DAY7_STYLING_TIPS,day_7,2025-02-09,False,False,True
SEND-01088,POS-00020,TPL_DAY7_STYLING_TIPS,day_7,2025-11-21,False,False,False
SEND-01089,POS-00245,TPL_DAY30_RESTOCK_TEASER,day_30,2025-10-09,False,False,False
SEND-01090,ECOM-00002,TPL_DAY30_WINBACK,day_30,2026-01-15,False,False,False
SEND-01091,ECOM-00055,TPL_DAY7_STYLING_TIPS,day_7,2025-07-03,True,True,False
SEND-01092,ECOM-00147,TPL_DAY30_WINBACK,day_30,2025-05-23,True,False,False
SEND-01093,POS-00339,TPL_DAY30_WINBACK,day_30,2025-08-04,True,False,False
SEND-01094,POS-00089,TPL_DAY7_STYLING_TIPS,day_7,2026-02-02,True,False,False
SEND-01095,ECOM-00006,TPL_DAY30_WINBACK,day_30,2025-06-11,False,False,False
SEND-01096,ECOM-00130,TPL_DAY7_STYLING_TIPS,day_7,2025-12-16,False,False,False
SEND-01097,POS-00286,TPL_DAY30_WINBACK,day_30,2025-04-10,False,False,False
SEND-01098,POS-00305,TPL_DAY7_THANKYOU,day_7,2025-10-21,True,False,False
SEND-01099,POS-00163,TPL_DAY30_WINBACK,day_30,2025-09-24,False,False,False
SEND-01100,POS-00448,TPL_DAY7_STYLING_TIPS,day_7,2026-03-01,False,False,False
SEND-01101,ECOM-00034,TPL_DAY7_STYLING_TIPS,day_7,2026-01-05,True,False,True
SEND-01102,POS-00344,TPL_DAY30_WINBACK,day_30,2026-01-09,True,False,False
SEND-01103,ECOM-00152,TPL_DAY30_RESTOCK_TEASER,day_30,2025-10-28,False,False,False
SEND-01104,ECOM-00159,TPL_DAY7_THANKYOU,day_7,2025-04-01,False,False,False
SEND-01105,ECOM-00173,TPL_DAY30_RESTOCK_TEASER,day_30,2026-06-13,True,False,False
SEND-01106,ECOM-00178,TPL_DAY30_WINBACK,day_30,2026-01-30,True,False,False
SEND-01107,POS-00352,TPL_DAY7_STYLING_TIPS,day_7,2025-11-27,True,False,False
SEND-01108,POS-00287,TPL_DAY30_RESTOCK_TEASER,day_30,2025-09-30,True,False,False
SEND-01109,POS-00219,TPL_DAY30_RESTOCK_TEASER,day_30,2026-06-27,False,False,False
SEND-01110,POS-00426,TPL_DAY30_WINBACK,day_30,2025-12-18,False,False,False
SEND-01111,ECOM-00080,TPL_DAY30_RESTOCK_TEASER,day_30,2025-08-23,False,False,False
SEND-01112,POS-00438,TPL_DAY7_STYLING_TIPS,day_7,2026-04-10,False,False,False
SEND-01113,ECOM-00129,TPL_DAY30_RESTOCK_TEASER,day_30,2025-06-20,True,False,False
SEND-01114,ECOM-00188,TPL_DAY30_WINBACK,day_30,2025-08-12,False,False,False
SEND-01115,POS-00394,TPL_DAY30_RESTOCK_TEASER,day_30,2026-05-27,True,False,False
SEND-01116,ECOM-00081,TPL_DAY7_STYLING_TIPS,day_7,2026-03-23,False,False,False
SEND-01117,ECOM-00033,TPL_DAY30_RESTOCK_TEASER,day_30,2026-07-02,True,False,False
SEND-01118,POS-00006,TPL_DAY30_RESTOCK_TEASER,day_30,2025-09-30,False,False,False
SEND-01119,POS-00383,TPL_DAY7_THANKYOU,day_7,2025-10-23,False,False,False
SEND-01120,POS-00423,TPL_DAY30_WINBACK,day_30,2026-03-31,False,False,False
SEND-01121,POS-00109,TPL_DAY7_THANKYOU,day_7,2026-01-17,False,False,False
SEND-01122,ECOM-00168,TPL_DAY30_WINBACK,day_30,2026-05-18,True,False,False
SEND-01123,POS-00360,TPL_DAY30_RESTOCK_TEASER,day_30,2025-09-14,True,False,False
SEND-01124,POS-00386,TPL_DAY7_THANKYOU,day_7,2025-04-26,True,False,False
SEND-01125,ECOM-00177,TPL_DAY30_WINBACK,day_30,2025-10-28,False,False,False
SEND-01126,POS-00073,TPL_DAY30_WINBACK,day_30,2025-01-20,False,False,False
SEND-01127,POS-00397,TPL_DAY30_WINBACK,day_30,2026-06-26,True,False,False
SEND-01128,ECOM-00146,TPL_DAY7_THANKYOU,day_7,2025-07-19,False,False,False
SEND-01129,POS-00035,TPL_DAY30_RESTOCK_TEASER,day_30,2026-03-03,True,False,False
SEND-01130,ECOM-00010,TPL_DAY30_RESTOCK_TEASER,day_30,2026-05-08,False,False,False
SEND-01131,POS-00222,TPL_DAY30_WINBACK,day_30,2025-06-01,False,False,False
SEND-01132,POS-00459,TPL_DAY7_THANKYOU,day_7,2025-02-23,False,False,False
SEND-01133,POS-00087,TPL_DAY7_STYLING_TIPS,day_7,2026-04-04,False,False,False
SEND-01134,ECOM-00022,TPL_DAY7_THANKYOU,day_7,2025-03-11,False,False,False
SEND-01135,ECOM-00066,TPL_DAY7_STYLING_TIPS,day_7,2026-02-17,False,False,False
SEND-01136,POS-00391,TPL_DAY30_WINBACK,day_30,2025-01-09,False,False,False
SEND-01137,ECOM-00080,TPL_DAY30_WINBACK,day_30,2026-06-01,False,False,False
SEND-01138,POS-00064,TPL_DAY30_WINBACK,day_30,2025-05-05,True,False,False
SEND-01139,POS-00174,TPL_DAY30_WINBACK,day_30,2025-02-17,False,False,False
SEND-01140,POS-00327,TPL_DAY7_THANKYOU,day_7,2025-03-16,True,False,False
SEND-01141,POS-00388,TPL_DAY30_RESTOCK_TEASER,day_30,2026-02-01,False,False,False
SEND-01142,ECOM-00015,TPL_DAY7_STYLING_TIPS,day_7,2025-04-28,False,False,False
SEND-01143,POS-00289,TPL_DAY30_WINBACK,day_30,2026-03-17,True,False,False
SEND-01144,POS-00235,TPL_DAY30_WINBACK,day_30,2026-01-31,False,False,False
SEND-01145,POS-00264,TPL_DAY30_RESTOCK_TEASER,day_30,2026-03-25,False,False,False
SEND-01146,POS-00457,TPL_DAY7_THANKYOU,day_7,2025-06-14,False,False,False
SEND-01147,POS-00335,TPL_DAY7_STYLING_TIPS,day_7,2025-11-25,False,False,False
SEND-01148,POS-00335,TPL_DAY7_THANKYOU,day_7,2025-06-15,False,False,False
SEND-01149,POS-00086,TPL_DAY30_WINBACK,day_30,2025-10-02,False,False,False
SEND-01150,ECOM-00192,TPL_DAY30_RESTOCK_TEASER,day_30,2025-12-08,False,False,False
SEND-01151,POS-00003,TPL_DAY30_WINBACK,day_30,2025-05-27,True,False,False
SEND-01152,POS-00429,TPL_DAY7_STYLING_TIPS,day_7,2025-11-30,True,False,False
SEND-01153,POS-00295,TPL_DAY30_RESTOCK_TEASER,day_30,2025-07-23,False,False,False
SEND-01154,POS-00158,TPL_DAY7_THANKYOU,day_7,2025-05-19,False,False,False
SEND-01155,POS-00015,TPL_DAY7_STYLING_TIPS,day_7,2026-04-24,False,False,False
SEND-01156,POS-00287,TPL_DAY7_THANKYOU,day_7,2026-05-31,True,False,False
SEND-01157,POS-00200,TPL_DAY30_WINBACK,day_30,2026-03-24,False,False,False
SEND-01158,POS-00236,TPL_DAY7_STYLING_TIPS,day_7,2026-03-29,False,False,False
SEND-01159,POS-00179,TPL_DAY30_WINBACK,day_30,2026-03-26,False,False,False
SEND-01160,ECOM-00207,TPL_DAY7_THANKYOU,day_7,2025-09-26,False,False,False
SEND-01161,ECOM-00045,TPL_DAY7_STYLING_TIPS,day_7,2025-09-26,True,False,False
SEND-01162,POS-00329,TPL_DAY30_RESTOCK_TEASER,day_30,2025-12-24,False,False,False
SEND-01163,ECOM-00020,TPL_DAY30_WINBACK,day_30,2025-04-29,True,False,False
SEND-01164,POS-00353,TPL_DAY7_THANKYOU,day_7,2025-08-10,False,False,False
SEND-01165,ECOM-00191,TPL_DAY30_RESTOCK_TEASER,day_30,2025-07-02,False,False,False
SEND-01166,ECOM-00020,TPL_DAY30_RESTOCK_TEASER,day_30,2025-10-29,False,False,False
SEND-01167,POS-00132,TPL_DAY30_RESTOCK_TEASER,day_30,2025-10-29,False,False,False
SEND-01168,POS-00439,TPL_DAY30_RESTOCK_TEASER,day_30,2025-07-18,False,False,False
SEND-01169,POS-00031,TPL_DAY30_WINBACK,day_30,2025-09-02,False,False,False
SEND-01170,POS-00394,TPL_DAY7_STYLING_TIPS,day_7,2025-07-01,False,False,False
SEND-01171,POS-00221,TPL_DAY7_THANKYOU,day_7,2025-08-17,True,False,False
SEND-01172,POS-00358,TPL_DAY7_THANKYOU,day_7,2026-06-26,False,False,False
SEND-01173,ECOM-00154,TPL_DAY30_RESTOCK_TEASER,day_30,2026-01-18,False,False,False
SEND-01174,POS-00311,TPL_DAY30_WINBACK,day_30,2025-08-20,False,False,False
SEND-01175,ECOM-00170,TPL_DAY30_WINBACK,day_30,2026-02-16,True,False,False
SEND-01176,POS-00075,TPL_DAY30_WINBACK,day_30,2026-05-14,False,False,False
SEND-01177,POS-00009,TPL_DAY7_STYLING_TIPS,day_7,2025-03-27,False,False,False
SEND-01178,POS-00365,TPL_DAY30_WINBACK,day_30,2025-08-10,False,False,False
SEND-01179,POS-00071,TPL_DAY7_STYLING_TIPS,day_7,2026-04-24,True,True,False
SEND-01180,POS-00415,TPL_DAY7_THANKYOU,day_7,2026-04-10,False,False,False
SEND-01181,ECOM-00193,TPL_DAY7_STYLING_TIPS,day_7,2025-05-26,False,False,False
SEND-01182,POS-00124,TPL_DAY30_RESTOCK_TEASER,day_30,2025-04-10,True,False,False
SEND-01183,POS-00064,TPL_DAY7_STYLING_TIPS,day_7,2026-05-20,True,True,False
SEND-01184,POS-00231,TPL_DAY7_THANKYOU,day_7,2025-10-29,False,False,False
SEND-01185,POS-00150,TPL_DAY7_STYLING_TIPS,day_7,2026-06-28,False,False,False
SEND-01186,POS-00178,TPL_DAY7_THANKYOU,day_7,2026-04-06,False,False,False
SEND-01187,POS-00428,TPL_DAY30_WINBACK,day_30,2026-04-20,True,False,False
SEND-01188,POS-00348,TPL_DAY7_STYLING_TIPS,day_7,2025-10-05,False,False,False
SEND-01189,POS-00191,TPL_DAY7_STYLING_TIPS,day_7,2025-09-26,True,False,False
SEND-01190,POS-00391,TPL_DAY30_RESTOCK_TEASER,day_30,2025-07-31,False,False,False
SEND-01191,ECOM-00059,TPL_DAY30_WINBACK,day_30,2025-05-23,False,False,False
SEND-01192,ECOM-00094,TPL_DAY30_RESTOCK_TEASER,day_30,2026-01-05,False,False,False
SEND-01193,ECOM-00086,TPL_DAY7_STYLING_TIPS,day_7,2026-05-21,True,False,False
SEND-01194,POS-00345,TPL_DAY7_STYLING_TIPS,day_7,2025-11-14,False,False,False
SEND-01195,POS-00342,TPL_DAY30_RESTOCK_TEASER,day_30,2025-07-07,False,False,False
SEND-01196,POS-00192,TPL_DAY30_RESTOCK_TEASER,day_30,2025-10-19,True,False,True
SEND-01197,POS-00156,TPL_DAY7_THANKYOU,day_7,2025-05-07,True,False,False
SEND-01198,POS-00113,TPL_DAY30_RESTOCK_TEASER,day_30,2025-10-19,False,False,False
SEND-01199,POS-00381,TPL_DAY7_THANKYOU,day_7,2026-01-30,False,False,False
SEND-01200,POS-00394,TPL_DAY30_RESTOCK_TEASER,day_30,2025-08-14,False,False,False
